ID,PRS_Chr1,PRS_Chr2,PRS_Chr3,PRS_Chr4,PRS_Chr5,PRS_Chr6,PRS_Chr7,PRS_Chr8,PRS_Chr9,PRS_Chr10,PRS_Chr11,PRS_Chr12,PRS_Chr13,PRS_Chr14,PRS_Chr15,PRS_Chr16,PRS_Chr17,PRS_Chr18,PRS_Chr19,PRS_Chr20,PRS_Chr21,PRS_Chr22
A109410,0.32471377,-0.2616348,0.10025984,-0.28664964,0.004269697,-0.030756421,-0.30255833,0.50490034,-0.11580534,-0.15621975,-0.014837533,-0.15743423,0.02598627,-0.029607862,0.03531961,-0.03207168,0.040905043,0.005405225,0.052435063,-0.06987051,-0.2308607,0.016827302
A110677,0.03202027,-0.26209065,-0.023251016,-0.21497592,0.21879849,-0.09918371,-0.15491241,0.27513364,0.048994936,-0.14149234,-0.07544048,0.022587247,0.062198717,-0.025169272,0.04976145,0.106054366,0.06477462,0.11805728,0.025947541,0.005296029,-0.12796286,0.070174485
A110028,0.28523102,-0.34107065,0.2498698,-0.016434498,-0.05697386,-0.04743944,-0.107841104,0.14036852,0.035946384,-0.07380584,-0.18085346,-0.11170603,-0.010504603,0.11357362,0.029249834,0.03985965,0.0574075,0.3015323,0.1053547,-0.036412686,-0.18898706,-0.04141452
A110144,0.46764016,-0.37571746,0.17259365,0.016843919,-0.08889533,0.0484856,-0.1362938,0.17011788,-0.056188256,-0.18107814,-0.06063998,-0.0070415884,-0.052695367,0.053878885,-0.0077338405,0.07954334,-0.052476455,0.17149326,-0.02772763,0.0008356236,-0.22252807,0.114812136
A112591,0.20504476,-0.35680485,0.12528783,-0.14787659,0.03484624,-0.0029138029,0.0022534747,0.24796432,-0.05316792,-0.12124343,-0.18163496,-0.010844812,-0.05608172,0.026510112,0.051223017,-0.016665328,0.011151794,0.14587697,0.13055103,-0.04782486,0.029018966,0.045542367
A109572,0.26062384,-0.52500707,0.12496428,-0.029544873,0.19485895,-0.05024383,0.022717427,0.28806427,0.14283916,0.059930407,-0.108450346,0.0063943937,-0.00020275079,-0.030365989,0.03479069,0.03564797,0.10221685,0.10700912,-0.026239593,-0.030733082,-0.1650818,0.10600676
A109885,0.029975418,-0.41386732,0.03275851,-0.17191392,0.16618451,-0.20969489,-0.015826419,0.29569578,0.0117548965,-0.069622606,-0.05328879,0.07806281,0.062666714,0.013447709,-0.019562107,0.13384263,0.02769518,0.15782338,0.04194382,-0.022826219,-0.21525715,0.07985338
A108133,0.029317219,-0.45293897,-0.0008019209,-0.30739263,0.043550104,-0.086439185,-0.2856995,0.21706843,0.012333214,-0.02583922,-0.097476006,0.09544408,0.019147325,0.14603354,0.08869183,0.011039279,-0.056430243,0.014063396,0.06392744,-0.035372883,-0.24872932,0.04251636
A105874,0.17573519,-0.3800194,0.36184287,-0.15168974,0.048207477,-0.118783444,-0.07113542,0.26240832,-0.045966275,-0.18052617,-0.18303382,-0.036564857,0.13147697,0.020798814,0.080941334,0.10961124,0.08057747,0.080559,-0.04270547,0.016164428,-0.024889683,0.025770426
A107825,0.110524066,-0.46632054,0.11354889,-0.10463787,0.07537374,-0.1665858,0.112959586,0.31146258,-0.051676955,-0.28309676,-0.10461988,-0.02716349,0.09149013,0.040772054,0.096583895,-0.08793358,0.10849264,0.2683496,0.08465109,-0.055236228,0.07009764,0.09069578
A108411,0.15081713,-0.30133456,0.14997186,-0.31459272,0.25325274,0.07614119,0.08893114,0.38595498,0.09200016,-0.10827948,-0.16825745,0.032945856,0.04075665,0.12612689,0.11316173,0.09106889,0.14334889,0.16189976,0.062462315,-0.06936643,-0.25630775,-0.026417395
A109511,0.10341838,-0.45088348,0.08106992,0.07676528,-0.011672214,-0.09352237,0.08647506,0.2123605,-0.13297856,-0.05934505,-0.09443831,0.10472515,0.031551756,-0.086807206,0.03251391,-0.088986084,0.12001339,0.101033606,0.0568408,-0.10011552,-0.17528376,0.042344823
A109486,0.06528233,-0.29805735,0.25855285,-0.30577213,0.18109138,-0.3470536,-0.22016126,0.40752017,0.0030141994,-0.12910484,0.0493846,-0.037117075,0.11364968,-0.008605853,0.068712376,0.16472045,0.10211389,0.046781763,0.083506316,-0.0010972023,-0.101402245,0.0062050857
A108187,0.0735794,-0.15073529,0.0070395675,-0.14302558,-0.029240143,-0.034108266,0.033777453,0.52614003,-0.07162315,-0.14455265,-0.13023263,-0.02200766,0.22290854,0.12776406,-0.0057436787,0.024309501,0.11956245,0.29061335,0.001983229,-0.0347012,-0.09648625,0.023143977
A107347,0.2830229,-0.41360086,0.09390408,-0.22861922,0.07919737,-0.09718264,-0.09364709,0.4172346,-0.010462765,-0.043841448,0.06511253,0.06401836,0.060312897,0.103271335,0.0027319863,0.074603625,0.051176056,0.12493782,0.056881323,-0.009636836,0.004023196,-0.011421645
A107049,0.25946844,-0.5626226,0.04659931,-0.23874086,-0.01952394,-0.008777019,0.13991663,0.26183563,0.021160282,-0.18607375,0.018769443,-0.07222846,0.20068318,0.1668933,-0.010091897,-0.0784704,0.082287624,0.18112265,0.004908314,-0.04907985,-0.12279661,0.0011204444
A106109,0.13304906,-0.20959494,-0.12993942,-0.29308775,0.14543682,-0.14929676,0.057792433,0.23803917,0.083052486,-0.1892714,0.0058915447,-0.017110974,-0.16405271,0.054444857,-0.07288309,0.075074814,0.0077719763,0.16417249,0.105408765,-0.049330913,-0.1420551,-0.02395258
A106498,0.012893597,-0.47880074,0.3080341,-0.09711413,-0.07969039,0.011547254,0.018962573,0.27407828,-0.032257214,0.006713774,-0.15657574,0.079987966,0.018696714,0.004820779,0.070579804,0.061431922,0.014545638,0.10723807,0.089193195,-0.016858112,-0.22959465,-0.022307834
A106425,0.25645202,-0.3590777,0.05861666,-0.43813398,0.012422541,-0.014663979,-0.091377765,0.1858745,-0.0068828836,0.011414137,-0.118791245,-0.06742628,0.09082179,-0.037648004,-0.022645146,0.06540577,0.02984237,0.088100486,0.076093115,-0.05499554,0.014169747,0.024248466
A103636,-0.03648028,-0.27994278,0.15064292,-0.34416762,-0.04127591,-0.10286519,0.00821685,0.2705566,-0.013920911,-0.073660955,-0.11880675,0.08097632,-0.048054863,0.11311842,-0.028987706,0.001292415,0.050009415,0.13094015,0.018625446,-0.06618051,-0.03818337,-0.021086825
A103664,0.3691269,-0.23898172,0.06195425,-0.36567488,0.14258078,-0.06968496,-0.0123150665,0.27031723,-0.032965478,0.044020392,-0.25413027,-0.008443076,0.21509032,0.00662829,0.009690898,0.1099624,-0.09864086,0.18045105,0.0760633,-0.067615606,-0.095432356,-0.026441582
A106031,0.29260346,-0.5947544,0.12684421,-0.055815615,-0.12640524,-0.01516919,-0.07068376,0.33605552,-0.00905766,-0.074850835,-0.08389501,0.11232388,-0.01051016,0.042826485,0.10242309,0.10139619,0.11937742,0.05001556,-0.0026958399,-0.047644354,-0.18811665,-0.025738511
A102092,0.16199766,-0.41730097,0.19902602,-0.093862064,0.19255427,0.072611555,-0.053967137,0.090962276,-0.0025536641,-0.16205081,0.04292406,-0.08092229,0.03141202,-0.033177793,-0.03733149,0.08476686,0.13089678,0.07483257,0.073073186,-0.0056926776,-0.032979958,0.08878535
A108572,0.3085921,-0.5117148,0.19610319,-0.35743955,0.17191684,-0.014005482,0.025368243,0.32152128,-0.12772703,-0.09333316,-0.0145666,-0.040390193,0.11677861,0.12037676,0.0067468137,0.01616333,0.016747676,0.08585036,-0.026639005,-0.016464744,-0.13465041,0.025683396
A108734,0.22465378,-0.40202433,0.09603517,0.045642495,-0.09887652,-0.12083558,-0.12839025,0.27976763,0.054081008,-0.14617975,-0.116490856,0.015895404,-0.054537743,-0.020912766,0.10159665,0.12724976,-0.05038333,-0.03107382,-0.022688096,-0.012578439,0.009522283,0.0650924
A107867,0.27124652,-0.23755138,0.14503118,-0.010116883,-0.10570173,-0.0031514969,-0.0606255,-0.028807327,0.07634356,-0.08130081,-0.11237473,0.03808707,0.006528847,0.04383917,-0.047051795,0.015546609,0.091269076,0.14658722,0.059516884,-0.054541737,-0.23429772,-0.024025798
A110711,0.14138913,-0.08153588,0.0028384887,-0.34056965,-0.11756114,-0.15825607,-0.060823835,0.5669739,-0.017521989,-0.096803926,0.15621787,0.061074436,-0.07599466,0.111801006,-0.109991096,-0.022453401,-0.08155753,0.040071912,0.10438236,-0.0321943,-0.16671446,0.023396224
A107912,0.28426087,-0.1354065,-0.07043719,-0.26012132,-0.22762184,-0.26061893,0.018527627,0.13034156,-0.029410213,-0.3007108,0.16982019,-0.043498166,-0.041563667,0.13448787,-0.06462887,-0.006230995,-0.08046579,0.115298145,0.04816877,-0.012832757,-0.034838304,0.06929954
A113678,0.035533175,-0.27453285,-0.17176943,-0.13106886,0.084135026,-0.27321607,-0.055728473,0.36734655,-0.00763906,-0.2606235,0.065915674,-0.15291575,0.07985006,-0.003298726,-0.037513856,0.00091496855,0.035155855,0.19153088,-0.22605199,-0.021316659,-0.1819756,0.05940225
A103067,-0.121086195,-0.12620316,-0.042335883,-0.17657568,-0.03266807,-0.22319846,-0.099476956,0.5351235,0.011628985,-0.034133777,0.1582775,-0.12104667,0.037163347,0.009285681,-0.018153593,0.052188218,0.04819365,0.12402046,-0.02153795,-0.024844546,-0.17711699,-0.039280582
A103418,0.1686945,-0.20610066,0.1483329,-0.0807101,-0.112184994,-0.23150687,-0.17009187,0.14220233,-0.041319318,0.01843171,0.13844338,-0.16564558,0.10817055,0.1383906,-0.04317022,0.026494674,0.05356057,0.050812073,-0.02374254,0.016336396,-0.035739705,0.0143647995
A103633,-0.012272827,0.028929053,0.090915814,-0.099003285,-0.10846517,-0.23756403,-0.07591453,0.30903196,-0.0737403,-0.049737096,0.066823125,-0.10763778,-0.14450055,0.13412161,-0.007639302,-0.037585396,-0.1331096,-0.04016389,-0.017465772,-0.061268296,-0.2013786,0.029412638
A111919,0.20152615,-0.17633602,-0.10331501,-0.27344024,-0.22332728,-0.20937806,-0.059535563,0.20162567,0.13935204,-0.26012373,0.10597555,-0.09447985,0.14578483,0.116325274,-0.03885905,-0.0999229,-0.31105512,0.23720844,-0.1162148,-0.05407171,-0.26565638,0.031945772
A111956,0.061259232,-0.16284312,-0.13745992,-0.25289962,-0.2694127,-0.13211197,-0.123077706,0.3937813,-0.07906416,-0.07162167,0.054433852,-0.045849938,0.20234136,0.023800835,0.060456794,-0.002143748,-0.16658366,0.114771664,-0.004585812,-0.05836678,-0.1198201,0.0694036
A113062,-0.0035662819,-0.29696146,-0.16383009,0.044932045,-0.23237962,-0.21413548,-0.050253477,0.4492438,-0.109210394,-0.0906185,0.22950965,-0.061379373,0.3135636,-0.07833722,0.06494014,0.11098298,-0.08543463,0.037283532,-0.02111403,0.016900457,-0.12694064,0.07722628
A113276,-0.045702323,-0.10345431,0.09768784,-0.17071775,0.022646578,-0.13823639,-0.08802255,0.29894668,0.00037626177,-0.07011203,0.023823045,-0.083180115,0.27848405,0.19662844,0.029655233,0.06990376,-0.047915407,0.18380316,0.08036057,-0.0964359,-0.19115978,0.01483421
A113300,-0.050129578,-0.3378486,0.0396706,-0.3337278,-0.057572603,-0.17235073,-0.10223214,0.42748004,-0.05077155,-0.31459767,-0.004946869,-0.054023348,0.079447314,0.16196764,0.13322562,0.024704233,-0.21901518,-0.00082305074,-0.08963998,0.0032054484,-0.05502698,-0.030474499
A113359,0.08065998,-0.48727167,0.25869542,-0.32259744,0.018961236,-0.14550225,-0.11883074,0.34783393,0.04157454,-0.08580073,0.10889301,-0.14775582,0.15510665,0.1403529,0.021275781,-0.039257422,-0.09757452,0.23251407,-0.13518703,-0.024603428,-0.2887138,0.049087003
A113489,0.35435015,-0.25490838,-0.03477346,-0.20850256,0.09107032,-0.14108838,-0.28396106,0.4349494,-0.037287734,-0.08026132,-0.0035596117,0.07375722,-0.024338424,0.029043987,-0.055576906,0.0097846985,-0.019515423,0.037233338,0.024275048,-0.09315049,-0.15081805,0.041828066
A110843,0.15122128,-0.51010007,-0.18405487,-0.13885528,-0.09601403,-0.20894,-0.24869123,0.30296797,-0.078526065,0.10056719,0.008064136,0.044745233,0.20642628,-0.20215908,-0.027098149,0.021378282,-0.012907326,0.13323157,0.0064417496,0.017865708,-0.17570102,0.08022401
A110881,-0.08334461,-0.42155138,0.08720304,-0.25057548,-0.06994576,-0.1919512,-0.14821488,0.42150152,0.011964366,-0.11600211,0.021316461,-0.04530047,-0.06785062,-0.16472581,0.27812552,-0.0022010729,-0.028935079,0.12673062,-0.05925324,-0.03311518,-0.1927018,0.12634362
A111212,0.22280306,-0.25771546,-0.00089028105,0.16899377,-0.15929571,-0.04756396,-0.15900326,0.20212778,0.07738038,-0.08653865,0.22251596,-0.15191704,0.0869717,0.07990053,-0.028926793,0.03969276,-0.23430035,0.01231429,0.027378187,-0.03601625,-0.17711148,0.11582467
A110911,0.09487107,-0.3386688,0.10111021,-0.24247566,-0.12152934,-0.14460373,-0.24683067,0.2648452,0.019891948,-0.22247867,0.09411006,-0.1377883,0.24978861,0.0067743696,0.035764426,0.06400263,-0.24563406,0.08489876,-0.17701429,-0.03124454,-0.14227869,0.10058915
A111723,0.28636467,-0.40234473,-0.08785787,-0.16102934,-0.20836627,-0.3743956,0.084405355,0.34104943,0.13071422,-0.27433965,0.31719348,-0.09365097,0.01605374,0.13046448,0.0014942214,-0.0037176162,-0.04983818,0.25592768,0.027554322,-0.076437,-0.16776836,0.02309955
A104594,-0.2030641,0.018121751,-0.062486243,-0.53803533,-0.08620438,-0.2533704,-0.11054213,0.51043296,-0.034825705,-0.011795353,-0.058488168,-0.043026343,0.040717795,0.0650419,0.19841051,0.118963756,-0.20266521,0.07427101,0.09683742,-0.08687592,-0.21948043,0.09269749
A104551,0.0019074548,-0.27172488,0.01522043,-0.43379056,0.096640125,-0.20672336,-0.048911713,0.48168242,-0.12701729,-0.17673834,0.24216615,-0.06218758,0.08982658,0.16768433,-0.020961162,0.05604592,-0.046334036,0.07541725,-0.20746239,-0.009737842,-0.036380325,0.0037794393
A105308,-0.12610264,-0.1576554,-0.10432916,-0.33762175,-0.2986849,-0.09955025,0.059791625,0.30590558,0.06570147,0.013702307,-0.07584592,-0.1196045,-0.30479056,0.046972703,0.060708463,-0.029378302,-0.1373583,0.07973257,-0.11962005,-0.014531046,-0.17861554,0.18762434
A105701,0.17140916,-0.1330328,0.10825666,-0.20171426,-0.027478343,-0.22542647,-0.05037854,0.12932946,-0.13021728,-0.08738447,0.22976343,-0.051231515,0.01818116,-0.019366905,-0.1034126,-0.047876056,-0.031546652,0.2667343,0.041131414,0.0038073529,-0.15966901,-0.012373075
A105075,0.19481258,-0.281376,0.019380115,-0.17574851,-0.21937437,-0.22526166,-0.15577325,0.20025155,-0.037878588,-0.023084495,0.28731954,-0.08280286,0.010149278,0.15282539,0.10723381,-0.07245459,-0.09729953,0.1990715,-0.10256283,-0.00434673,-0.10177192,0.068898454
A104851,0.083947256,-0.25245616,0.07358228,0.06525239,-0.05582887,-0.23442835,-0.07675619,0.33765772,-0.10859384,0.09308108,-0.051189866,0.020340806,0.1465171,-0.13669246,-0.05876521,0.08983568,0.008661348,0.16461128,-0.036599495,-0.083185196,-0.08584799,-0.013412153
A104267,0.035298258,0.016605657,0.24799985,-0.10589078,-0.0002053082,-0.14420421,-0.0395962,0.38136345,-0.021450594,-0.1345447,0.06794701,-0.070239864,0.13064896,0.025124878,-0.110805474,-0.018476501,-0.13156356,0.016971424,-0.050325703,0.049900364,-0.0007569734,0.060348377
A104277,0.19739008,0.04398094,0.05909386,-0.3315097,-0.12511407,-0.22360362,-0.031920485,0.11186449,-0.0019032732,-0.11370723,0.20523663,-0.11774844,-0.10564418,0.15753156,0.12659708,0.015204877,0.03921884,0.101975664,-0.057919808,0.08405393,-0.26472107,0.0131414775
A104289,0.40338603,-0.2429946,-0.081008285,-0.04730517,-0.030574337,-0.21373615,-0.14188124,0.2997004,-0.022933394,-0.040696084,0.18434049,-0.15932378,0.14430949,0.015663654,0.10715747,-0.03452181,-0.13824637,0.22431843,-0.00024062768,-0.023138924,-0.12686804,0.013495348
A109359,0.114950165,-0.037911624,-0.0111352485,0.018590782,-0.097734034,-0.06045963,-0.006836064,0.14662908,-0.015380688,-0.1961591,0.1779167,0.070101,-0.09652148,0.098701894,-0.052023895,0.055133067,-0.16450912,0.29048854,-0.25592002,-0.021308966,-0.2285151,0.054320164
A105730,0.0018654838,-0.04403411,-0.036673408,-0.24141839,-0.0348287,-0.080171645,-0.045837253,0.20162606,-0.014252331,-0.12922162,0.037388027,-0.019746885,0.07421364,0.06214556,0.07110943,0.038294375,-0.09725243,0.09457892,-0.09027456,-0.046345234,-0.2550797,0.040965937
GSM4300828,0.3270285,-0.3271769,0.15501982,0.07037079,0.083506055,-0.19135244,-0.16838771,0.4914537,-0.068097845,-0.18075822,-0.048755433,-0.095202774,-0.03311658,0.14085455,-0.19114166,0.11500635,-0.17148721,0.14925529,0.011490673,-0.11353151,-0.081810914,-0.058550082
GSM4300829,0.1507478,-0.28766719,0.047785297,-0.325572,-0.28855962,-0.09387496,-0.07345551,0.60595065,0.047298327,-0.10844367,0.05048386,-0.0048910826,0.17519684,0.1352238,-0.02578378,0.008435421,-0.17292038,0.08300269,-0.06795113,0.025400497,-0.21049011,-0.033989638
GSM4300830,-0.021352785,-0.15011413,-0.059827775,-0.10846725,-0.071388125,-0.16429089,0.031865552,0.1528226,-0.03743553,-0.14615843,-0.023507476,-0.050616823,0.06869088,0.012253404,-0.104499124,0.0619831,-0.21645634,0.19127707,-0.027883634,-0.034363303,-0.20512368,-0.053865887
GSM4300831,0.012771796,-0.07315706,0.03344921,0.043655552,-0.20508808,-0.18684483,-0.030771922,0.27277073,-0.049851887,-0.076976255,0.17712016,-0.14458108,-0.059983652,0.060250584,-0.09339076,-0.047681957,-0.17862827,-0.015527241,-0.10701131,-0.045546856,-0.07267162,0.053566694
GSM4300832,-0.105388224,-0.09603129,0.056267597,-0.12156866,-0.1810039,-0.24534571,-0.1699493,0.47099072,-0.06831771,0.016822532,0.14895317,-0.08003597,0.09052936,-0.09024267,-0.039615363,0.017081715,-0.12865943,0.06283857,-0.16386491,0.0030317921,-0.11505908,0.007295795
GSM4300833,0.24964517,0.18757454,-0.03905328,-0.06816654,-0.024683839,-0.17817849,0.010429263,0.40891337,-0.07127223,-0.22037244,0.08600893,-0.04800931,-0.047135606,0.0757478,-0.019259105,-0.08708861,-0.24623181,0.116627686,-0.012251288,-0.054707386,0.001655234,0.057438146
GSM4300834,0.082135774,-0.2115123,0.17728643,0.19559966,-0.12178716,-0.2002577,0.123635374,0.30543166,0.023281414,-0.121216685,0.24251243,-0.0552819,-0.22280093,0.22943264,-0.083019376,-0.017900612,-0.22234014,0.19488202,0.08605355,-0.024939798,-0.031592946,0.0801012
GSM4300835,0.010698356,-0.09234965,-0.014496813,-0.133715,-0.14826013,-0.16814518,-0.011698082,0.35574937,-0.001695659,-0.25737253,0.28025255,-0.07031284,-0.14662018,0.13238758,0.058502063,0.06398626,-0.04596386,0.035198525,-0.0044302493,-0.0634694,-0.055769414,-0.008178992
GSM4300836,0.2144059,-0.2917975,-0.11986671,-0.015650049,-0.00021287054,-0.055447422,-0.1941151,0.3761822,-0.074872375,-0.1175391,0.14341027,-0.09971001,0.0658409,-0.002970785,-0.06939635,-0.032173704,-0.28409058,0.21892603,0.06997989,0.02049496,-0.15222447,0.016676221
GSM4300837,0.16385321,-0.09704999,-0.013665196,0.04245176,-0.070257016,-0.1444445,0.017484717,0.32651675,-0.034238394,-0.2262238,0.08758905,-0.0076930784,-0.0079461895,0.24423328,-0.012746213,-0.008509323,-0.04833184,0.20935011,-0.12443498,-0.05748256,-0.0509981,0.07664224
GSM4300838,-0.09650578,-0.2888923,0.19583613,-0.12719306,0.06537136,-0.28069744,-0.043815125,0.15492831,-0.04386521,-0.13603406,0.25374988,-0.052251004,0.008932348,0.08942612,-0.1165011,0.051319238,-0.06647572,0.020912461,0.020682331,-0.02327264,-0.22574483,-0.0075112283
GSM4300839,0.07090198,-0.23608029,0.031443883,-0.17935471,-0.09048813,-0.24972814,-0.17483771,0.39815688,0.04737012,-0.113372,0.16392165,-0.16686743,0.14028841,0.16457213,-0.17378172,0.018513955,-0.24983343,0.14025845,0.029149082,-0.030480444,0.0029267687,0.09001856
GSM4300840,0.017515741,-0.18485577,0.05228568,-0.07706386,-0.16600326,-0.014701322,-0.15032963,0.59076416,0.012378681,0.14278087,0.025862351,-0.06625403,0.13662048,-0.119869985,0.13287869,-0.061201245,-0.02503892,0.03443025,-0.010719623,-0.022464663,-0.2332784,0.0002200026
GSM4300841,0.0532728,-0.10197457,-0.033289984,-0.17337911,-0.025398877,-0.17486936,-0.20174961,0.099142715,-0.025624044,-0.09329335,0.15121657,0.042505097,0.1884046,0.101749256,-0.22361594,-0.0023625344,-0.17606612,-0.046798725,-0.05649717,0.11521417,-0.10761454,0.07733405
GSM4300842,-0.15122567,-0.2370947,0.19842753,-0.2443106,-0.035690933,-0.1494733,-0.05869185,0.6210072,-0.028565995,-0.05508964,0.1701327,-0.13221279,-0.113907576,-0.060323678,0.12038427,-0.038250595,0.03723348,0.15638784,-0.23389836,0.023905367,-0.20370565,0.06500429
GSM4300843,-0.06666916,-0.33533156,-0.0015231296,0.0011494458,-0.10890917,-0.18432106,-0.16243428,0.025350414,0.08466165,-0.12991017,0.12580287,-0.123228684,0.0042077787,0.039698534,0.037075873,0.0592592,-0.125949,0.026091717,0.04594261,0.019306742,-0.08838527,0.0649975
GSM4300844,0.003279971,-0.3949466,0.08885205,-0.14996564,-0.07660328,-0.15628168,-0.1703643,0.33141923,-0.08528162,-0.2896012,0.19771488,-0.11216593,-0.123368196,0.13049978,-0.056238588,0.039626494,-0.17704189,0.18667382,-0.09364787,-0.028785175,-0.30180216,0.07913672
GSM4300845,-0.06289559,-0.17650393,0.1769404,-0.08208048,0.1053257,-0.23010442,0.047158353,0.15173292,-0.050828073,-0.052462395,-0.07286281,-0.11627211,-0.015673853,0.1166926,-0.030757196,-0.02219066,-0.08874628,0.064273484,0.055624854,0.06918536,-0.18230346,0.037647493
GSM4300846,0.13265073,-0.3486827,0.08719057,-0.1279644,-0.106246166,-0.34427643,-0.2080499,0.3405072,0.07531515,0.05125851,0.23791271,-0.16104208,0.01583653,0.09038747,-0.13666064,0.07429589,-0.08276739,0.13621323,0.011329897,0.011863418,0.057577148,0.1193029
GSM4300847,-0.25094625,-0.19821446,-0.080428004,-0.05269994,0.16660279,-0.2644028,-0.011672176,0.31383362,-0.017484352,-0.10172211,0.08137253,0.0449577,0.0813408,-0.05179078,-0.045619797,0.033775434,-0.07959733,0.021861434,-0.07542606,-0.063337006,-0.25780886,0.0014788285
GSM4300848,0.29116115,-0.22432417,0.21888658,-0.028447561,-0.23535001,-0.10895745,-0.016377293,0.3525291,-0.118060574,-0.14962585,0.052387558,0.10147932,0.23571551,0.119748324,-0.02317081,-0.085066274,-0.009738512,0.013584461,0.004672352,0.046857018,-0.034790196,-0.08964996
GSM4300849,-0.17358068,-0.14028859,-0.01469834,-0.32205686,-0.06809334,-0.27706122,0.08453362,0.13673764,-0.066241086,-0.2880529,-0.04694943,-0.06293216,0.11498141,0.092788175,-0.06856338,0.05546659,-0.16248767,0.017074734,-0.045125198,0.03311798,-0.26514423,-0.0399857
GSM4300850,0.13672264,-0.2426879,0.19053079,-0.31529993,-0.3693486,-0.16162951,-0.013111189,0.4887157,-0.023292013,-0.22386533,0.13573904,-0.11219743,0.2139011,0.15896805,0.12552978,-0.010587707,-0.1061622,0.064732775,0.056512993,-0.023138924,-0.0920003,0.07831458
GSM4300851,0.2786219,-0.23742227,0.22095208,-0.24725725,-0.16582634,-0.094845966,0.04391586,0.14949417,-0.025089137,-0.27718976,0.04016272,-0.16308275,0.16752438,-0.013019934,-0.09036864,0.007747479,-0.08575963,0.14399491,0.003914278,-0.020006567,-0.07355729,0.023905503
GSM4300852,-0.1195547,-0.34791264,-0.07010044,0.09209168,-0.17397903,-0.10758181,0.13940856,0.08181392,-0.08012617,-0.2301549,0.16576868,-0.049883846,-0.016444981,0.16778119,0.021049254,-0.04267882,-0.2708901,0.110114045,0.01587056,-0.06751696,-0.26749533,0.060320094
GSM4300853,0.011558931,-0.23796263,-0.08199655,-0.12646142,0.1292375,-0.15796883,0.022055583,0.33435,0.0064749867,-0.019851863,0.1417006,-0.21737497,-0.052891247,-0.16708526,0.06396257,-0.15880664,-0.06333794,0.15827245,0.02147989,-0.03678388,-0.12946394,0.07539044
GSM4300854,0.09482108,-0.49528304,0.0032959078,-0.19786105,-0.29353243,-0.24502143,0.06833649,0.31063196,-0.060375057,-0.10609586,0.05285622,-0.10085876,0.19430947,0.052223526,0.075513765,0.05825764,-0.07542486,0.1512206,0.1678788,-0.037927568,-0.24399929,-0.0019518491
GSM4300855,0.1836649,0.054051667,0.15448333,-0.09537114,-0.12166958,-0.033087086,0.01191324,0.35875988,-0.022692524,-0.107218355,0.07935767,-0.04830338,-0.12752393,0.06910605,0.0018820874,0.009741381,-0.11576581,0.10439049,-0.15441142,-0.019324057,-0.26912248,-0.017206635
GSM4300856,0.10216481,-0.48017392,0.18768044,-0.19729802,0.061100513,-0.17717603,-0.16926202,0.4134505,-0.018854305,-0.20017044,0.015040081,-0.049178213,0.20147558,0.26995134,0.005261287,0.06174437,-0.12583561,0.1618982,-0.10745634,-0.043908194,-0.21830028,-0.07682916
GSM4300857,-0.10515869,0.052427553,0.04446043,0.023495495,-0.2086057,-0.17341098,-0.059686773,0.41209537,-0.038570244,-0.23095332,0.24959466,-0.18558446,-0.23323897,-0.029033512,-0.0075010546,0.08074045,0.039254278,0.009240463,-0.16505079,-0.019324057,0.032491203,0.0075591207
GSM4300858,0.09430814,-0.08962698,0.035535272,-0.31974286,-0.121774815,-0.15042442,0.003225997,0.11791618,-0.039489817,-0.0571026,0.11019941,-0.08552722,0.11028687,0.0055568516,0.007538624,0.11240187,-0.004445415,0.17558421,-0.022827946,0.055166833,-0.0073313303,0.015183879
GSM4300859,0.22214529,-0.30562326,0.040931314,-0.28575695,0.059730135,-0.23974115,-0.07592428,0.35544646,0.023816317,-0.0012544803,-0.08148305,-0.1526382,0.06878139,-0.10428189,0.08772051,0.076737605,-0.08947408,0.15760711,0.1343065,-0.026658496,-0.21829244,0.0052948017
GSM4300860,-0.01231128,-0.30148992,0.009988263,-0.33815646,-0.297492,-0.079003185,-0.15681589,0.41901773,-0.008144546,0.016271701,0.23695731,0.005855901,-0.1419158,0.0670235,0.060092404,0.013161838,-0.10608296,-0.0638252,0.06741819,-0.034479856,-0.075267546,0.10745223
GSM4300861,-0.12806362,-0.18089455,0.021049898,-0.054125853,-0.2027887,-0.28642595,-0.16488516,0.28847995,-0.061992664,-0.26212585,0.28183928,-0.044780914,0.2902426,-0.06235403,-0.07936912,0.02833245,-0.055965584,0.1173758,-0.068768516,-0.006716665,-0.09452103,-0.019413799
GSM4300862,0.21297583,-0.13408184,-0.054132145,-0.161172,-0.09324935,-0.1671606,-0.11078745,0.31191683,-0.067439765,-0.1996163,-0.05231559,-0.011626856,0.13620259,0.10682666,0.13571298,0.00047202408,-0.1625652,0.14530133,0.047518846,-0.02515154,-0.11833543,0.006924713
GSM4300863,-0.02995094,-0.5288346,-0.124222614,-0.11786702,0.005585527,-0.12389238,-0.12831005,0.39887926,-0.081781,-0.07137438,0.08642994,-0.1044277,0.08245264,-0.1065012,-0.19423677,-0.078512,-0.052360818,0.24783678,-0.21271499,-0.061274752,-0.20784442,-0.025833355
GSM4300864,-0.0907346,-0.061892048,0.07534304,-0.24998392,0.040484875,-0.09984192,-0.11904965,0.19770925,-0.028916188,-0.13641074,0.17338459,-0.24208473,-0.13091192,0.24577072,0.03659171,0.030537337,-0.2018414,0.19782594,0.0073660985,-0.0060893055,0.001655234,-0.022958433
GSM4300865,-0.12658319,-0.19132741,-0.0464055,-0.17321919,-0.15758914,-0.21698886,0.06782236,0.27458572,-0.017201096,0.14257398,0.1243891,-0.040290184,-0.0038309433,0.04607019,0.091817416,-0.07762577,-0.07063259,0.16940358,0.05501678,0.06343747,-0.12946394,-0.040824816
GSM4300866,-0.10235524,-0.4691987,-0.029913608,-0.3493845,-0.149861,-0.18772209,-0.17195272,0.35642225,-0.041490868,-0.04708717,0.06543491,-0.08786305,0.14878237,0.20797998,-0.16802596,0.015536353,-0.0012989715,0.31573883,-0.06618248,0.072957315,-0.090245664,-0.02217519
GSM4300867,0.13345516,-0.50227475,0.05418765,-0.14483902,0.22170365,-0.10051884,-0.22157368,0.2200774,-0.03422436,-0.005694434,0.13464528,-0.1939299,0.13616532,0.14457062,0.092554495,0.014578946,-0.22173242,0.15993106,0.026887037,-0.023108078,-0.07649979,0.018637266
GSM4300868,0.13346545,-0.29049358,0.016624212,-0.19251817,-0.006776653,-0.20653832,-0.25388873,0.50276077,-0.08678751,-0.021429524,-0.014469612,-0.17010802,0.44187188,0.28058705,-0.07505566,0.036571395,-0.14137177,0.10043489,-0.09231275,-0.017792247,-0.13179101,0.05958668
GSM4300869,0.13508007,-0.25953135,0.009753799,-0.48378775,-0.25738454,-0.14476193,-0.09240111,0.32199407,0.039492782,-0.334875,0.16623896,-0.0991479,0.02568028,-0.0066866875,0.12517399,-0.047245625,-0.020767195,-0.004847914,-0.059975706,0.031585388,-0.22876684,0.18418752
GSM4300870,-0.18907386,-0.04197533,0.0633672,-0.3179636,-0.103272274,-0.19387385,0.13042732,0.2720526,0.03847997,-0.103684515,0.14615887,-0.19129607,-0.0074889045,0.13352641,0.0053164996,-0.16189976,-0.027074207,0.026587818,-0.04780956,-0.016561542,-0.1558194,-0.03681033
GSM4300871,0.25030795,-0.43447107,0.12112814,-0.19251956,-0.2274645,-0.31383574,0.0073698983,0.16300905,-0.08824198,0.046639994,0.024844259,-0.010651695,-0.11455295,-0.10851373,0.109850466,-0.0627426,-0.17269316,0.27551284,-0.009944338,-0.05766487,-0.115421146,0.038283426
GSM4300872,0.18274687,-0.19474907,-0.19135314,-0.2854392,0.043471377,0.006139638,-0.17831138,0.3514277,-0.05241055,-0.17979264,0.04555734,-0.11792246,-0.07734674,0.29993996,-0.106964804,-0.09770997,-0.26671562,0.113396406,-0.06288647,0.050412454,-0.14091083,0.009950712
GSM4300873,-0.122541,-0.11307152,-0.14524527,-0.24402222,0.015919011,-0.26703683,-0.08152704,0.22175464,-0.019066788,-0.12478098,0.08565959,-0.05418243,-0.12326133,0.23614416,0.08015499,-0.011266042,-0.06478713,0.118463755,-0.114757106,0.0022323728,-0.110359386,-0.082765386
GSM4300874,0.28313422,-0.14851382,0.16048582,-0.11157981,0.025736446,-0.22368607,0.012725495,0.13991669,-0.07192798,-0.073648565,-0.00962273,-0.25592333,0.056783438,-0.06340399,-0.062388767,0.09678765,-0.035168376,0.088158794,-0.08111275,-0.016800873,-0.06962851,0.104019836
GSM4300875,0.03948134,-0.22717014,0.017913952,-0.10643789,0.05009795,-0.29786474,0.011465639,0.069562614,-0.13569939,-0.16356479,0.03361117,-0.047214374,0.17090751,0.19022623,-0.032575447,0.039281636,-0.14739087,0.07169396,-0.12435586,-0.06453126,-0.008116379,0.17414375
GSM4300876,-0.14033487,-0.15170062,-0.084362656,-0.13876545,-0.057379745,-0.13578978,-0.13156961,0.2680865,-0.06040536,-0.15228733,0.06402525,-0.120060764,0.3484362,-0.02790701,-0.11519819,0.02327738,-0.14629686,-0.012708597,-0.18725653,-0.035462268,-0.04458184,0.05416908
GSM4300877,-0.035930544,-0.32162872,0.04221838,-0.28793806,-0.122699924,-0.29855838,-0.33790708,0.66979825,-0.090824835,-0.17293456,0.11856761,-0.14918384,-0.07381036,0.10500127,-0.145803,-0.0891538,-0.007445853,0.002437912,-0.14796843,0.026306195,-0.18529448,0.08129136
GSM4300878,0.16175318,-0.17423987,0.19563805,-0.2196038,-0.16107695,-0.21271946,-0.1911737,0.2830074,0.05013953,-0.08009727,0.0200159,-0.115382254,0.105791,0.019824434,0.009092389,-0.0034009367,-0.08526926,0.21801889,0.16443773,0.013517346,-0.018503722,0.023134619
GSM4300879,-0.11119486,-0.14372854,0.048154406,-0.05303085,-0.21920642,0.024183966,0.0029188544,0.30241823,-0.021241564,-0.12486736,-0.011249103,-0.0101550855,-0.04008931,0.12238133,0.103211574,0.011224709,-0.15514344,0.095629945,-0.07119271,-0.009608634,-0.24627858,-0.07414666
GSM4300880,0.08000023,-0.059571087,0.10413675,-0.22882353,-0.1372298,-0.05449727,-0.08961629,0.20760196,0.0002773404,-0.04554294,0.20464474,-0.18674083,0.12911628,-0.089192405,-0.00046955422,-0.0041271895,-0.19257449,-0.06001235,0.060890496,-0.059663817,-0.08948777,0.013993718
GSM4300881,0.030219413,-0.029397555,-0.14859553,-0.059068352,-0.22363755,-0.09723279,0.051529422,0.4177729,0.035341036,-0.14446016,0.026547171,-0.08300514,0.24636081,0.10758518,-0.18611407,0.08864048,-0.14128542,0.2108013,-0.105180286,-0.0075456966,-0.053140044,0.010271434
GSM4300882,-0.14530422,-0.116031915,0.14354897,-0.11973558,-0.27333543,-0.077795595,-0.25486767,0.23228036,0.0048507527,-0.12539914,-0.045956902,-0.23540226,0.1498889,0.038122132,-0.12013805,-0.019242227,-0.22387527,0.11176734,-0.12286055,0.021707434,-0.08306286,-0.0070765577
GSM4300883,-0.090600535,-0.30106443,0.09244625,-0.15959506,-0.2235675,-0.23547022,-0.19988441,0.3778628,-0.003779918,-0.12159825,0.09578157,-0.20753096,0.00045022368,0.04016357,-0.12518542,-0.04796064,-0.09676942,-0.06086362,0.030044127,-0.054927383,-0.122889586,0.07294824
GSM4300884,-0.09924778,-0.34243226,0.08429968,-0.2741485,0.0894794,-0.20336673,0.16012532,0.20019008,-0.12026972,-0.09363654,0.075128436,-0.038539983,-0.022400536,0.10461546,-0.17172553,-0.011050411,-0.18885078,0.19507381,-0.0077944025,0.038200576,-0.11584413,-0.012891706
GSM4300885,-0.25451255,-0.14857718,-0.08404861,-0.1735196,-0.28986585,-0.12146704,-0.2365462,0.28816575,0.06108191,-0.10553248,-0.07350773,-0.0024259835,0.07722049,-0.03535407,-0.028700236,0.030071162,0.000102777034,0.14348593,-0.035239074,0.045554355,-0.027409784,-0.04507394
GSM4300886,0.18193518,-0.14926502,0.09932282,0.06613588,-0.29802275,-0.1715107,-0.07013063,0.38138753,-0.037529003,-0.20653872,-0.07521824,-0.048010334,0.05628234,0.07963431,-0.10444552,0.09377025,-0.15658747,0.010378428,-0.17380325,-0.06317672,-0.22872426,0.10417092
GSM4300887,-0.124882616,-0.17594047,-0.004278172,-0.20382756,-0.20310563,-0.14075,-0.331102,0.40064228,-0.02710202,0.10774042,-0.033166617,-0.1389583,-0.021328911,0.19912505,0.080225915,-0.05558607,-0.17185047,0.08696544,0.05630081,-0.031919673,-0.18443291,0.08781164
GSM4300888,0.049642116,-0.11401106,0.018761367,-0.073807955,-0.10934058,-0.32947558,-0.047284774,0.32716167,-0.03705187,-0.1018803,0.26835972,-0.17916313,0.15275446,-0.058660433,-0.0008973796,0.067042954,-0.10026701,0.11844447,-0.09261973,-0.07556495,-0.10414843,0.14979216
GSM4300889,0.079246506,-0.38279894,0.007421598,-0.10063301,-0.23799343,-0.12975249,-0.13009009,0.32252878,-0.117976174,0.038573533,0.11889434,-0.20585419,-0.02459599,0.122027054,0.0941076,-0.16966057,-0.0971643,0.07831055,-0.24301323,0.0021602754,-0.030134311,-0.05788037
GSM4300890,-0.13118654,-0.19733953,0.022340987,-0.27451327,-0.18559909,-0.21279669,0.10634427,0.32647055,-0.16368034,-0.21297106,0.09659106,-0.12779543,0.026524656,-0.004642889,0.08099404,0.06063627,-0.07430093,0.2255434,-0.20160134,-0.018863568,-0.20370017,-0.00012708269
GSM4300891,-0.019614674,-0.0109504815,0.0693309,-0.15889704,-0.23498222,-0.25514582,-0.07723737,0.42545837,0.1330953,-0.0865323,0.12973915,-0.13091888,0.16600521,-0.024760097,-0.0045268945,0.027402535,-0.20611586,0.1400936,-0.04249551,-0.003437968,-0.04447181,0.12930422
GSM4300892,0.0635555,-0.20589907,-0.06792957,-0.31264076,-0.17360647,-0.274074,-0.059627548,0.17289796,0.010555588,-0.019365102,0.051049992,-0.019941747,0.107971966,0.06365095,-0.21545818,-0.017135613,-0.24833342,0.1917824,0.047702305,0.046871856,-0.03471946,0.0026466697
GSM4300893,-0.060444146,-0.25838274,0.12369993,-0.3063545,-0.2326913,-0.21747996,-0.06336493,0.3858057,0.008976363,-0.11914881,0.08412339,-0.099338666,0.15708856,0.23050088,-0.050532956,0.12652391,-0.15944743,0.17517594,0.0111055,-0.023987623,-0.13646129,0.00968739
GSM4300894,-0.103786565,-0.29378065,-0.018626757,-0.08042177,-0.13044265,-0.22276872,-0.07549419,0.28284568,-0.08854875,-0.00032439828,0.07700918,-0.16384012,0.12088078,0.1577327,-0.15385276,0.0913,0.023245573,0.17701408,0.07540971,-0.060777266,-0.17711699,0.059829738
GSM4300895,0.19874847,-0.3492014,-0.18497124,0.092850454,-0.12330351,-0.14082016,-0.013195604,0.29543254,0.09397291,-0.077086575,0.048215,-0.12319694,0.037592128,0.14020854,-0.04715522,0.11664326,-0.1701027,0.16264787,0.103454486,0.034668587,-0.28585616,0.027463228
GSM4300896,0.07159705,-0.3538906,0.21616414,-0.17903781,-0.23870051,-0.08367278,-0.11226869,0.4390583,-0.042337745,-0.06482553,0.21331945,-0.08417176,0.03252141,0.22326964,0.03279774,0.010908261,-0.08238308,0.12523694,0.00025944412,-0.04341033,-0.080199555,0.18762434
GSM4300897,0.10495862,0.08950467,0.031019079,-0.3414091,-0.1350474,0.00047969818,-0.12364121,0.35980463,-0.006362945,-0.27675855,0.18419659,-0.15343516,-0.026178295,0.16797505,0.042887304,0.011125222,-0.29886085,0.07088599,0.035915475,-0.038755216,-0.2115293,0.07940492
GSM4300898,0.09616628,-0.2942953,-0.13297696,-0.0704456,-0.22440752,-0.12374763,-0.27413496,0.15307152,-0.13685161,-0.1830032,0.111602575,0.018195532,-0.016017674,0.2021787,0.03269788,-0.08170916,-0.036341686,-0.045220435,-0.0081072375,-0.04480708,-0.1583107,0.109551385
GSM4300899,0.029090643,-0.29073027,-0.041844673,-0.25705644,-0.17353071,-0.21914226,-0.095136665,0.43805528,-0.006140128,-0.115375936,-0.06618086,-0.057172466,0.22847399,0.13913316,0.017526377,-0.05015949,-0.06877203,0.009632893,-0.18051888,0.0076237414,-0.21897385,0.058512535
GSM4300900,-0.059535697,-0.05407002,0.1505713,-0.05796879,-0.06558365,-0.16252811,-0.11267338,0.3401285,-0.014391318,-0.09185895,0.0054890513,-0.20250848,-0.02313865,0.11085648,0.09029561,-0.02903454,-0.092920646,0.046022803,-0.15308225,-0.030845983,-0.122889586,0.0042717084
GSM4300901,0.13391593,-0.14324003,0.06934888,-0.00076821446,-0.2800562,-0.17654987,-0.10544649,0.35812253,0.012523675,-0.0662207,0.11465762,-0.2126238,0.14701952,0.023886494,-0.12346995,-0.052620605,-0.04388896,0.05053115,-0.07453444,0.093052045,-0.21897385,0.01279228
GSM4300902,-0.19048049,-0.25916496,0.09368942,0.12575842,-0.31397972,-0.19281773,-0.18840842,0.38987,0.05573831,-0.062661655,0.18087551,-0.14926003,-0.1500096,0.2128959,0.05785024,-0.06876864,-0.17494568,0.24340813,0.04725239,-0.014692508,-0.10761454,0.09025361
GSM4300903,0.09701665,-0.33387893,0.11540877,-0.079196796,-0.13548177,-0.19748189,-0.18419498,0.539967,-0.019162863,-0.0067063756,0.12779294,-0.19311243,0.040255282,0.24448302,0.0497132,0.07478222,-0.100311846,0.16184399,-0.22014265,0.014425084,-0.07015909,-0.044595294
GSM4300904,-0.015511185,-0.37541825,0.026079666,-0.033734996,-0.20383981,-0.23091999,-0.11240503,0.33240843,-0.01345548,-0.1733459,0.04598996,-0.09185863,0.10318738,0.033726282,-0.08748467,-0.017261744,-0.29105034,0.1187575,-0.10842885,0.03067857,-0.102537096,0.01934591
GSM4300905,-0.020622067,-0.11065639,0.1022795,0.14018509,-0.16055764,-0.17610607,-0.13150871,0.32056937,-0.056494504,-0.04196619,0.19648507,-0.16273862,-0.048217382,0.059753805,0.031207526,0.056349233,-0.033899777,0.13147227,0.004587088,-0.026923005,-0.27394283,0.057956778
GSM4300906,-0.16002956,-0.23546936,0.108301446,-0.28279933,-0.33184737,-0.13154134,-0.15706488,0.4007532,-0.010521211,-0.13161428,0.26705864,-0.25730962,0.17344348,0.122019105,0.00042453036,0.04255178,-0.21404958,0.017526243,0.11445719,-0.014800198,-0.15499873,-0.058995932
GSM4300907,-0.04837756,-0.22017594,0.012771178,-0.30644643,-0.28051668,-0.26709884,-0.28059304,0.37078202,-0.007966828,-0.056179315,0.09079877,-0.04183379,0.14708456,0.12616041,-0.04189197,-0.027986214,-0.17340097,0.18103246,-0.1397704,0.035875253,-0.22680435,-0.00876303
GSM4300908,0.028016455,-0.10408668,-0.16037436,0.06602116,-0.20156473,-0.08699827,0.005311236,0.28764534,-0.06395638,-0.26925632,0.02146849,0.033839516,-0.14298601,0.055639774,0.030082759,0.020426601,-0.061170213,0.15588313,0.051001757,0.012228921,-0.11135411,0.008811155
GSM4300909,0.260524,-0.24789774,-0.117800064,-0.2908931,-0.18707734,-0.23487526,-0.08208012,0.3727894,0.031543843,-0.084946126,0.13351996,-0.095202364,0.0040672496,0.01954326,0.025114838,0.09470281,-0.13931559,0.103964984,-0.01672687,-0.0026839469,-0.101601765,0.015801277
GSM4300910,0.028927483,-0.03220537,0.029606305,-0.16779882,-0.11042474,0.028565515,-0.13790345,0.19213665,-0.041955188,-0.25955534,-0.04203498,-0.16308278,0.112137586,-0.038481154,-0.011625245,-0.120946564,-0.120998055,0.10315378,0.06707403,-0.062299415,-0.0923395,0.13288598
GSM4300911,0.108148396,-0.354892,0.06695622,-0.13890813,-0.027615631,-0.19549003,-0.13760164,0.26408046,-0.045483377,-0.08274774,0.13570932,-0.13628039,0.02544856,-0.047563083,0.05039625,-0.04115732,-0.24558866,0.11203268,-0.05528108,-0.024282616,-0.11476901,0.20537853
GSM4300912,0.18612286,-0.38172603,0.11341817,-0.37144303,-0.31147364,-0.26243594,-0.24920952,0.32266742,-0.0421716,-0.16287729,0.10837686,-0.11941086,0.11868152,-0.009018011,-0.030450977,-0.044668436,-0.1583007,0.22998154,0.06583053,-0.0353882,-0.16904153,0.02380262
GSM4300913,-0.000426922,0.075099654,0.13989858,-0.10552466,-0.5129157,-0.22062689,-0.06833524,0.38745338,-0.04517256,-0.037101455,0.26600134,-0.2698259,-0.16040371,0.16205579,-0.07009878,0.08705502,-0.2034073,0.09890141,-0.031006992,-0.0018334854,-0.16904153,0.050624445
GSM4300914,0.016817056,-0.2613052,-0.07472105,0.09937028,-0.07339956,-0.37492728,-0.2836235,0.3959722,-0.027298331,-0.21955991,0.06152968,-0.10240605,0.1352115,0.17131963,0.11924291,0.0709185,-0.16772035,0.045711726,-0.03556233,-0.042612433,-0.108061746,0.05612772
GSM4300915,0.25178733,-0.11080761,0.11950346,-0.054670405,-0.077486485,-0.25293154,-0.1296278,0.31614292,0.0039560795,-0.049660362,0.015091235,-0.13747731,0.02123594,-0.083811805,0.081290156,-0.08672799,-0.14278275,0.21766314,-0.098764464,-0.039450526,-0.07015909,0.026565297
GSM4300916,-0.06260808,-0.15792325,-0.017361548,-0.19536573,-0.03441947,-0.16473523,-0.033989437,0.25900313,-0.05379162,-0.06869704,0.33001056,-0.14346036,0.043372557,0.3428985,-0.059105434,0.0009520501,-0.23190011,0.21358974,-0.06822525,-0.043051623,-0.19543687,0.015183879
GSM4300917,0.18183812,-0.548197,-0.058037758,0.014361668,-0.10902825,-0.16900828,-0.14787854,0.47820848,-0.062944576,-0.020406354,0.031035746,-0.052129216,-0.023856936,0.19665316,-0.033564687,-0.08528687,-0.13042384,0.108283,-0.04167694,0.010602888,-0.24627858,-0.014815278
GSM4300918,0.014864057,-0.2881317,-0.10972141,-0.22486444,0.026644293,-0.15276974,-0.056400824,0.51283836,-0.07155928,-0.101929024,0.20097229,-0.061682064,0.22015382,0.053623818,-0.053041838,-0.050310418,-0.13123895,0.054859728,-0.02505938,-0.005788073,-0.22901434,0.09654615
GSM4300919,-0.10444826,-0.3661378,0.12102449,-0.13516629,-0.25868377,-0.03351429,-0.17601821,0.25159734,-0.050620463,-0.15920666,0.018642388,-0.03183271,0.036774747,0.16419111,0.024172813,0.14289683,-0.08413473,0.14728814,-0.13977651,0.061278492,-0.16271213,-0.0027985163
GSM4300920,0.16493443,-0.14986663,0.037988927,0.1584925,-0.23924115,-0.18445592,-0.03228783,0.25464395,-0.08654725,-0.25371942,0.020538308,0.008282624,-0.080042504,0.1272816,0.14312991,-0.044125706,-0.08303295,0.14086027,-0.11316356,0.02582845,-0.16258352,0.055424653
GSM4300921,0.17211719,-0.37988132,0.10411287,-0.24308924,-0.10502955,-0.3061443,-0.0634858,0.69233847,0.015309446,-0.057989947,-0.099400535,-0.09611823,0.24383165,0.14257757,-0.021349497,0.08010048,-0.13725436,0.17505738,-0.04144156,0.036775365,-0.098135665,0.041819062
GSM4300922,-0.0015473291,-0.2682873,0.057762526,-0.14171119,-0.25552648,-0.24126232,-0.17037894,0.12373277,0.008022651,-0.24447161,0.06487609,-0.21079883,-0.0043988302,0.18860361,0.072771445,0.05082219,-0.24729499,0.055014476,-0.050689496,0.01557333,-0.20954008,-0.007888084
GSM4300923,0.12163632,-0.07986287,0.007003272,0.06742082,0.092084765,-0.21828502,-0.19024816,0.3029124,0.034441028,-0.018019788,0.14092568,0.097016335,-0.0027377158,0.16845243,-0.0761047,0.16430166,-0.052116893,0.0019668862,0.020347767,-0.024543367,-0.072952114,-0.0019518491
GSM4300924,0.047146983,-0.2885944,0.24652082,-0.06982964,-0.26139155,-0.33468845,-0.054042593,0.38251936,-0.013882315,-0.030045517,0.0055746473,-0.065627865,-0.01578693,-0.07378582,0.13019669,0.063610435,-0.23940705,0.044389546,-0.008411892,0.028098129,-0.20066255,-0.0018383227
GSM4300925,0.12583998,-0.34729406,0.0599859,-0.3177622,-0.12874167,-0.24764097,-0.024230216,0.20804122,0.014775984,0.10361718,-0.09119474,-0.19014627,0.10176186,0.011201743,0.17087802,0.027074367,-0.054301497,0.00071410835,0.04438461,-0.06346294,-0.14169587,0.030315867
GSM4300926,-0.047502812,-0.34688666,-0.067713976,-0.16313964,-0.09758143,-0.026502538,-0.0035884418,0.2734025,-0.028643467,-0.009242402,0.13440192,-0.05239238,0.09213892,-0.044580102,-0.06696324,-0.020784505,-0.17421499,0.22835511,0.09782725,-0.0406878,-0.10818667,-0.021249635
GSM4300927,0.3545767,-0.31151727,0.037462644,-0.07745689,-0.008442093,-0.25240183,0.011282876,0.5478406,-0.017467167,0.19435933,0.036593407,-0.0960481,0.067063816,0.06265342,0.048371457,-0.023700707,-0.06916465,0.09373294,-0.20810428,-0.015745783,-0.106829494,0.073183276
GSM4300928,-0.0026642382,-0.40520945,-0.113391355,-0.14010468,-0.1828187,-0.085328415,-0.00053951517,0.026696056,0.016913004,0.053904638,0.11048908,-0.14627275,0.26898283,0.14592102,0.050736666,0.13656592,-0.085608274,0.17469172,-0.057776373,-0.0697613,-0.22544655,0.011980226
GSM4300929,-0.09298201,-0.14271787,0.006127985,-0.21187958,0.0021485034,-0.21154848,-0.14007819,0.4201305,0.14121976,0.0899989,0.10808788,-0.16662091,-0.13754483,0.1569297,-0.14711559,0.14704591,-0.2031555,0.030779913,-0.14873984,-0.03604799,-0.09525371,0.03885091
GSM4300930,-0.023342459,-0.17871305,0.107701756,-0.15222089,0.009012457,-0.1354821,0.0427116,0.40306658,-0.1198073,0.03960538,0.19746111,-0.17307445,0.18327658,-0.043461584,-0.11436171,-0.05572635,-0.16557537,0.21106076,-0.007371843,-0.024257425,-0.09079747,0.03217403
GSM4300931,0.22367354,-0.2102444,0.103633374,-0.03967489,-0.051048707,-0.11815123,-0.25838903,0.09226785,0.07300477,-0.035156477,0.22098851,-0.10673948,0.15336004,0.1387825,0.14276096,0.10344942,-0.1708303,0.12591949,0.018608004,-0.07383862,-0.022606378,-0.0025186744
GSM4300932,0.30230436,-0.06292108,-0.11864891,-0.26295218,-0.0825915,0.06731762,-0.047569178,0.20695016,-0.04873144,-0.032396227,0.019361317,-0.1428707,0.17472461,0.3724637,-0.06885982,-0.105219424,-0.07256088,0.25665277,-0.0718638,-0.10290742,-0.1748589,-0.007119609
GSM4300933,0.22103895,-0.1901454,-0.06994396,-0.15304618,-0.01650013,-0.16700767,0.020425588,0.41920102,-0.15840627,0.048952796,0.07811157,-0.067577615,0.18422201,0.14941499,-0.023768563,0.022550046,-0.23914224,-0.04005129,-0.09607292,-0.009491598,-0.18331398,0.12395202
GSM4300934,-0.03794797,-0.13929392,0.001910409,-0.016209483,0.019137248,-0.08677773,0.043476857,0.30490443,-0.12625612,-0.06427302,0.2257255,-0.18326427,0.0952542,0.111407116,-0.10322485,-0.12646386,-0.049570695,0.18727957,-0.003764823,0.009138867,-0.121971294,-0.011567123
GSM4300935,-0.06695335,-0.27407336,0.0983123,-0.10217877,-0.1282601,-0.15393306,0.03357909,0.16985282,-0.026120503,-0.12890804,0.018592551,-0.037389264,0.17613879,-0.025245711,-0.0033975244,-0.06485115,-0.17539206,0.002158478,0.07287183,-0.027741177,-0.12747473,-0.061119333
GSM4300936,0.29300758,-0.034618765,-0.14724956,-0.28079098,-0.14885265,0.043274,-0.047569178,0.20695016,-0.032104127,-0.09557028,0.019361317,-0.1428707,0.1472313,0.3967275,-0.06885982,-0.057236403,-0.07256088,0.23270653,-0.08298727,-0.06638232,-0.1748589,-0.007119609
GSM4300937,0.11722951,-0.17110513,0.03813622,0.068467915,-0.09100432,-0.21994999,-0.104089886,0.31517243,-0.023131222,-0.25622886,0.04575666,-0.115126625,0.0045306534,-0.011592396,-0.11358096,0.0076275915,-0.1556196,0.2080847,-0.14355062,-0.038213894,-0.095382616,0.12746838
GSM4300938,0.046146367,-0.20251366,0.04519679,-0.16366917,0.08730649,-0.2242192,0.033768237,0.17106,-0.040994603,0.026503041,0.038502358,-0.00946736,-0.09659682,-0.0096264,-0.0828505,-0.046235505,-0.02359755,-0.08823982,-0.022906631,-0.036894567,-0.08271209,0.08344792
GSM4300939,-0.11948654,-0.17094433,0.07108356,-0.16434692,-0.14504404,-0.11913009,-0.18521242,0.26648542,-0.10039174,-0.30199894,0.10498485,-0.08580218,0.11646922,0.057431556,-0.04713703,-0.14188106,0.010801446,0.03546726,0.0133766085,-0.05054272,-0.025337175,0.04553558
GSM4300940,0.036679104,0.1182843,-0.042738073,-0.005312003,-0.33802798,-0.17567411,-0.06510387,0.17009582,-0.13501227,-0.12060646,0.025633309,-0.085387945,-0.10283024,0.14650029,-0.1319136,0.09502448,0.004598435,0.10179685,-0.05632569,0.020611756,-0.044878766,0.014245965
GSM4300941,0.32714987,-0.1205048,0.07706632,-0.11896147,0.020754188,-0.2090909,0.0150035415,0.5311817,-0.060898602,-0.11190979,0.10195678,-0.19375339,0.25601754,0.18542004,-0.08703224,0.03205329,-0.27489704,-0.012976527,-0.029962257,-0.061179154,-0.1998775,0.068804756
GSM4300942,-0.036168296,-0.17818609,-0.015427288,0.044270396,-0.021447575,0.01768531,-0.059525013,0.17256404,-0.04553521,-0.046989955,-0.018181238,-0.24171025,0.16256309,0.2682532,-0.11758612,0.04042498,0.01408276,0.17359543,-0.06165896,-0.15775052,-0.09158252,0.10810078
GSM4300943,0.10103534,-0.3221652,-0.037750233,-0.2139971,0.06357446,-0.364846,0.07053275,0.58043575,0.14736243,-0.095307216,0.27029043,-0.04550533,0.24528524,0.058158018,0.03421793,0.06266703,-0.18365723,0.27102566,0.030213233,-0.028175354,-0.120747864,0.013965435
GSM4300944,0.09626487,-0.28137985,0.1832292,0.054763146,-0.11683228,-0.09535617,0.003951356,0.22976708,0.0668202,0.02366256,-0.122857824,-0.17875528,0.24047759,0.284657,-0.009873491,-0.14089182,-0.17115909,0.24307385,-0.06734631,0.0030104928,-0.23272657,0.11239803
GSM4300945,0.0147179365,-0.22837524,0.0896271,0.15828995,-0.011772936,-0.2487699,-0.25970143,0.42861366,-0.024075422,-0.3495384,0.11536269,0.022791998,0.20178089,0.050551206,0.088958144,0.07945555,0.040921308,0.15480389,-0.0371608,-0.11257839,-0.10350759,-0.047573343
GSM4300946,0.19800875,-0.44953686,-0.027593417,-0.28248206,-0.2566758,-0.21903235,-0.081652746,0.05582421,-0.071998544,-0.20165974,0.29487178,-0.20494583,0.18211193,0.0999037,-0.050965056,-0.028606348,-0.06521171,0.19049042,0.018186934,-0.07822877,0.0032453593,0.0034589618
GSM4300947,-0.021375999,-0.41635692,0.23277704,-0.06990586,-0.16276413,-0.12087691,-0.03637584,0.23094893,0.025520861,0.09808764,0.15381593,-0.15685257,0.04196343,-0.0056406856,0.03997197,0.08062041,-0.05206009,0.09838267,-0.0071620494,-0.047268488,-0.13878836,0.10762988
GSM4300948,-0.011844583,-0.3892322,-0.069855645,-0.22337416,0.0011873525,-0.25381082,0.11004061,0.4388103,-0.04796672,-0.0023696013,0.09426738,-0.104026616,0.13659662,0.08133523,-0.06603981,-0.07835775,0.04606978,0.08921995,-0.054757193,-0.033324115,-0.27693373,-0.05511769
GSM4300949,0.15343854,-0.11824225,0.037001282,-0.014423994,-0.122545764,-0.31302106,-0.16423629,0.35896605,-0.03946226,-0.09949112,0.033273116,-0.027176524,0.09015103,0.19954379,-0.03323245,0.15011281,-0.12137175,0.13764323,-0.008044222,-0.04070288,-0.13923556,0.040124767
GSM4300950,-0.080019206,-0.34605172,0.06853407,-0.11737332,-0.18822055,-0.28313145,-0.19525501,0.3928867,-0.049100786,-0.057924286,0.08970542,-0.11776587,0.105668515,-0.07855675,-0.012579182,-0.010563962,-0.03532707,0.03084889,0.06437142,0.017163798,-0.075267546,0.009729456
GSM4300951,0.109141015,-0.24335536,0.05775576,-0.17841084,-0.027194237,-0.17682989,-0.028405145,0.38950247,-0.03680169,0.02456104,0.010289092,-0.098989405,0.06991567,0.2548041,0.08622557,0.17776722,-0.21571517,0.16396332,0.09473861,0.061330445,-0.11833543,0.054909274
GSM4300952,0.080896534,-0.283138,0.06462395,-0.18953118,-0.26576388,-0.34410352,0.015042022,0.1676543,-0.118197866,-0.08913994,0.036371853,-0.24625987,-0.009480972,0.095156714,0.07681337,0.015207488,-0.22560301,0.14865544,-0.101086676,-0.015245944,-0.10829497,0.05958668
GSM4300953,-0.05061488,-0.2634954,-0.032902494,-0.11976359,-0.2012178,-0.042356387,-0.009578792,0.5651429,0.076547354,-0.09654719,-0.04635811,-0.12241709,-0.068367206,-0.0072309673,-0.051405795,-0.008408476,-0.10220061,0.26187843,-0.016901094,-0.018265618,-0.04686799,0.16384572
GSM4300954,0.08206775,-0.14390446,0.25898534,-0.12548059,-0.06645712,-0.00047681108,-0.13556673,0.41010284,-0.1039349,-0.07433207,-0.037746035,-0.16931927,0.16457553,0.059111487,-0.07244407,-0.050073147,-0.20986861,0.1824977,-0.11184339,-0.14643487,-0.13341817,0.027364464
GSM4300955,-0.14393532,-0.20694596,0.1941663,-0.042594768,-0.05166869,-0.29423428,-0.078283936,0.14261298,-0.057152614,-0.10723979,0.2131394,0.07375862,0.037122384,0.01984311,0.11498527,0.072359405,-0.038766365,0.16562814,-0.096677735,-0.0011096075,-0.09158252,0.05334478
GSM4300956,0.01224931,-0.3735278,0.27966616,-0.34445503,-0.2229997,-0.14480962,-0.12122566,0.4210012,0.002991099,-0.34129602,0.025421068,-0.04737023,-0.0053583644,0.123562634,-0.10367911,-0.06456887,-0.10926069,0.12721068,0.0036625415,-0.085515685,-0.045814093,0.053999647
GSM4300957,0.19287008,-0.20108081,-0.0708932,0.016744073,-0.19678399,-0.03274917,0.06364767,0.73681396,-0.18627787,-0.12298256,0.19092204,-0.09352513,-0.010989256,0.2476906,0.095390856,0.033281893,0.0004241988,0.124812715,-0.07418154,-0.03909134,-0.33280754,0.00644356
GSM4300958,-0.05614333,-0.19658363,0.0924245,-0.12415993,-0.109998874,-0.05368416,-0.09789071,0.2628885,-0.032973893,-0.15120395,0.105807245,-0.14100972,0.3083573,0.2006756,0.11579873,-0.00035431236,-0.08473353,0.1546118,-0.011148475,-0.023842352,-0.10429264,0.06395772
GSM4300959,-0.22928905,-0.16890474,-0.0066444837,-0.23982923,0.093746245,-0.36010778,-0.1381917,0.40891382,-0.016074188,-0.17079195,0.1075659,-0.1170844,-0.12969935,0.05403325,-0.012738496,0.19810615,0.04001452,0.12319422,-0.031151878,0.0014213696,-0.038952347,-0.051851146
GSM4300960,0.064654954,-0.3625041,0.341489,-0.2549545,0.0011034869,-0.15758643,-0.15595025,0.15614635,-0.0063318163,-0.08659451,0.15820909,-0.14030501,0.09843695,0.36026764,0.07408294,0.060000286,0.019992955,0.12540281,0.026434597,-0.066672534,-0.07935059,0.04982041
GSM4300961,0.12196368,-0.09510902,-0.10005313,-0.1569369,0.008124564,-0.19823553,-0.17440066,0.18754704,-0.06382112,-0.25113213,0.18199725,-0.24686742,-0.27932715,0.1250279,-0.06550643,-0.15921065,0.04901014,0.2739597,0.0075331256,-0.026549572,-0.08639605,0.06442025
GSM4300962,0.07600871,-0.18842717,-0.014249586,0.06566849,-0.21880053,-0.28101546,-0.105989985,0.30724534,-0.08226992,-0.056732096,0.08913699,-0.07407771,0.24809958,0.21404395,-0.084204055,-0.03655696,-0.07663749,0.10925595,0.07464768,0.00013396516,-0.1369085,0.09584634
GSM4300963,0.24592112,-0.19495243,0.14206004,-0.24419482,-0.3281825,-0.3058942,0.11163231,0.42291528,0.055447005,-0.16316986,0.08343339,-0.08657164,-0.11301368,0.06456224,-0.12169848,-0.008767806,-0.028242406,0.17280778,0.006565295,0.0069107637,-0.05889767,0.109236814
GSM4300964,0.0010235906,-0.12037897,0.04265105,-0.16220576,-0.055590384,-0.25877827,0.023339745,0.19513999,-0.04567956,-0.3203139,0.078565516,-0.12177391,-0.11341226,0.070659086,-0.011150055,-0.0022108927,0.0124367885,0.034477934,-0.071577884,-0.06154293,-0.16108496,-0.012457037
GSM4300965,0.09000883,-0.33525115,-0.08516239,-0.20388363,-0.13240965,-0.18297358,-0.121035635,0.28744003,0.05060863,-0.1211551,0.029289134,-0.14879903,0.28659725,0.029900521,0.036626734,-0.08427295,0.053592425,-0.0066834725,0.008284636,-0.10399601,-0.15526757,0.07826536
GSM4300966,-0.013448644,-0.09769197,-0.040362306,-0.071495846,-0.18493137,-0.114562005,-0.13306504,0.29589307,-0.022599865,0.03780716,0.14844912,-0.18823433,-0.06946999,0.24246904,0.119917735,-0.091150664,0.014116453,0.13342059,0.08379935,-0.026170716,-0.24530807,-0.07457961
GSM4300967,0.06929511,-0.432214,-0.060301997,-0.14660823,0.11493419,-0.039443664,0.16305278,0.4074745,0.09084216,-0.19462249,0.046833098,-0.1379648,-0.03354562,0.0965802,-0.12454712,0.0437783,-0.16940792,-0.0074179918,-0.05066568,0.024447916,0.00478738,0.06415564
GSM4300968,0.16919953,-0.1731795,-0.11599773,-0.002640538,-0.3771701,-0.19683337,-0.109937444,0.35854465,-0.051478546,-0.14374423,0.00050006807,-0.029397452,0.035530295,0.16523603,0.027925357,0.029901627,-0.10689245,0.20812584,-0.027399004,-0.08256419,-0.011159504,0.07196483
GSM4300969,-0.12090457,-0.39707804,-0.0031515434,-0.2815123,0.0060437284,-0.2957698,-0.18453717,0.30722257,-0.013700662,-0.10514495,0.140996,-0.14740486,0.025699466,0.12496759,-0.07357772,-0.05875194,-0.038571652,0.09929614,-0.020605553,-0.028478175,-0.015332216,0.015555158
GSM4300970,0.11494796,0.16527526,-0.07256935,-0.059597407,-0.26661566,-0.22134785,0.032166377,0.37980396,0.0027124733,-0.23105901,0.04860025,-0.1321676,0.076041706,-0.0073124208,0.03562339,0.0032837987,-0.06543814,-0.012167633,-0.04982675,0.022025801,-0.26745456,0.021588668
GSM4300971,0.10032083,-0.026195712,0.2967779,-0.24280246,-0.2943533,-0.18381459,-0.13659093,0.28402728,0.0085606575,-0.22483507,-0.006422702,-0.15443124,0.23265262,0.10051077,-0.034884345,-0.080031306,-0.071606934,0.1833741,-0.016679175,0.022762073,-0.2904413,-0.07836832
GSM4300972,0.13869381,-0.11113942,-0.09008293,0.20118766,-0.3390113,-0.0011665393,0.015829645,0.2606847,0.055135805,-0.060796082,0.058889512,-0.13339213,0.092026226,0.29404062,-0.13606139,0.02457995,-0.09142631,0.20061007,0.10889034,-0.06528512,-0.15526757,0.10106006
GSM4300973,-0.07685943,-0.45524082,-0.07865924,-0.102707796,-0.11678656,-0.16037631,-0.03375966,0.49990666,-0.1279457,-0.15724325,0.059889764,-0.13348621,-0.056810424,0.111771375,0.14682427,-0.07642995,-0.1979244,0.10153134,0.0014270097,-0.02396177,-0.13145317,0.055115208
GSM4300974,0.04798924,-0.18312775,0.010620903,-0.0862896,0.015304625,-0.20420012,-0.062494695,0.2127467,0.098404065,0.0011017472,0.18078254,-0.19851547,0.26251736,0.07720294,-0.03070334,-0.050282657,-0.19827771,0.014897905,-0.04294846,-0.08121623,-0.2119072,0.030287579
GSM4300975,-0.0264211,-0.04098094,0.16926916,-0.21786876,-0.04092344,-0.13256292,-0.015952498,0.28700888,-0.15153481,0.08712095,0.09554063,-0.105809055,-0.019474983,0.16438457,-0.2195431,0.051921085,-0.1910609,-0.051362015,-0.014577888,-0.08681092,-0.13100596,0.07948381
GSM4300976,0.037151672,-0.12788776,0.03254827,-0.30908033,-0.3313653,-0.28443244,-0.10295972,0.23118708,-0.14892042,-0.080204256,0.024526417,-0.20001614,0.024744747,0.122243255,-0.054575127,-0.004541442,-0.18868141,-0.038084097,-0.073368326,-0.09935867,-0.14729151,0.04955709
GSM4300977,-0.21258356,-0.33713043,-0.2636881,-0.30674252,-0.15892705,-0.31059116,-0.20343955,0.22230288,-0.07769849,-0.13487248,0.24742264,-0.11398393,0.14115757,0.06929085,0.05768486,-0.0389259,-0.018355835,-0.03729579,-0.034241978,-0.103302285,-0.12901674,-0.0804392
GSM4300978,0.03923451,-0.18782766,0.065222085,-0.18684927,-0.050550316,-0.3840038,0.015930459,0.35179764,-0.068754874,0.00092732906,0.036858454,-0.13181902,0.06390898,0.3026298,-0.02222888,0.03579727,-0.112360574,0.18864079,-0.012742672,0.021247428,-0.26159456,-0.06166005
GSM4300979,-0.08198774,-0.25755656,-0.0028452259,-0.22711395,-0.3084973,-0.0690708,0.0583326,0.31338155,0.07261134,-0.119736604,0.038685787,-0.15599689,-0.0071327686,0.047659703,0.24027492,-0.06532974,-0.09777881,0.18894944,-0.15155312,-0.047721867,-0.07320221,0.025638454
GSM4300980,0.03629285,-0.35348466,0.012287186,-0.18888171,-0.020953523,-0.32073206,-0.099944085,0.2476571,-0.013781026,-0.08473577,0.0025890917,-0.103628725,0.21879221,0.20478687,0.10428265,0.029424205,-0.14712307,0.13030903,-0.05663711,0.0038252566,-0.19395527,-0.054242745
GSM4300981,-0.033623196,-0.22962882,-0.05742566,-0.079290204,-0.2936936,-0.15763326,-0.24947754,0.24454507,-0.059790324,-0.16410668,0.032434165,-0.1959877,-0.0025105271,0.16279787,0.032422066,0.06281282,0.055678073,0.2050343,-0.075172886,-0.087460555,-0.21897385,-0.039750665
GSM4300982,0.2709027,0.05474832,0.00625588,0.12961291,0.029296285,-0.19228274,0.15279827,0.45894182,-0.11544593,-0.16961625,0.076996535,-0.10990908,-0.10519357,0.2520548,0.08011331,0.010579448,-0.15528265,0.15648335,-0.1555257,-0.07688069,-0.15068243,-0.0019229352
GSM4300983,0.104327194,-0.32703683,-0.09733467,-0.117059425,-0.10074554,-0.19933994,-0.054535493,0.40616974,0.040889967,-0.044789612,0.018111609,-0.033814378,0.0032152683,0.1650811,0.019723076,0.053769507,-0.22173673,-0.06882356,0.09655987,0.0057354905,-0.08639605,0.086296275
GSM4300984,0.0023085177,-0.1249488,0.24780142,-0.24872255,-0.020308755,-0.06712776,-0.1496228,0.32881784,-0.077581756,-0.08698723,0.16949709,-0.0027030557,0.30218908,0.06282215,-0.064223096,0.022932269,-0.11146107,-0.006957285,-0.03183913,-0.03841073,-0.17952919,0.00886344
GSM4300985,0.17358615,-0.11360723,-0.24086693,-0.15522233,-0.27220428,-0.12751618,-0.06007582,0.26287276,0.016596876,-0.21907526,0.24256909,-0.109698854,-0.18303798,0.040468555,0.015143506,-0.039035276,-0.03704401,0.012113422,-0.105475485,-0.006359106,-0.14339839,0.01186116
GSM4300986,0.13321283,-0.11548723,-0.053079125,-0.36525354,-0.1778579,-0.1901829,-0.22715096,0.27610254,-0.030764554,0.053104475,0.13925199,-0.086439595,0.09392527,0.2714803,-0.06016902,-0.0018950813,-0.20527199,0.07661173,-0.053130016,-0.037452817,-0.055937946,0.029519105
GSM4300987,0.060660083,-0.17154732,0.13345924,0.09303252,-0.07965719,-0.15191582,0.01305625,0.40556252,-0.049596585,-0.048326567,-0.052229583,-0.14097908,0.19647357,-0.009254053,-0.017729823,-0.14482543,-0.09528208,0.1257686,-0.1503591,-0.0018334854,-0.03912088,0.018322121
GSM4300988,0.00032517873,-0.13270791,0.18530203,-0.25039035,-0.21650705,-0.21115892,0.1247177,0.3606538,0.0038951337,-0.010421962,0.17935815,-0.10612615,0.29761943,0.08849104,-0.13822094,-0.037558995,0.026189636,-0.021119218,-0.12796634,-0.0018334854,-0.18813787,0.007767793
GSM4300989,-0.04027544,-0.29600054,-0.18110558,0.052390836,-0.23167849,-0.21249142,-0.08282617,0.15543877,-0.16521151,-0.072928354,0.05535235,-0.13014951,-0.009567276,0.11333579,0.08785082,0.13032137,-0.2019634,0.11466548,-0.14466873,-0.05470526,-0.18851575,-0.054248042
GSM4300990,-0.11678521,-0.15636304,-0.018563874,-0.06518179,-0.44401702,-0.23723796,0.035561986,0.12734562,-0.037671134,-0.12468109,0.08041126,-0.09151467,0.32492614,0.19215558,-0.13010016,-0.17649586,-0.15197651,0.10045016,-0.0692313,0.019358449,-0.13177176,0.0012518018
GSM4300991,0.048206747,0.021065973,0.0039028786,0.0,0.0,-0.027348645,-0.025654688,0.0,0.061368793,0.0,0.0,-0.03152683,0.0,0.0,0.0,-0.020012796,0.0,0.0,0.0,0.028325496,0.0,0.0
GSM4300992,0.024103373,0.021065973,-0.08907825,0.0,0.0,-0.05469729,0.0,0.0,0.061368793,0.0,0.0,-0.015763415,0.0,0.0,-0.044398837,-0.020012796,0.0,0.0,0.0,0.0,0.0,0.0
GSM4300993,0.024103373,0.021065973,-0.06590627,0.0,0.0,-0.05469729,0.050049584,0.0,0.022070872,0.0,0.0,-0.015763415,0.0,0.0,-0.044398837,-0.020012796,0.0,0.0,0.0,0.0,0.0,0.0
GSM4300994,0.029439045,-0.0064509157,-0.023171974,0.0,0.0,-0.05469729,0.025024792,0.0,0.044141743,0.0,0.0,-0.015763415,0.0,0.0,0.0,-0.020012796,0.0,0.0,0.0,0.0,0.0,0.0
GSM4300995,0.029439045,-0.033967804,-0.04634395,0.0,0.0,0.0,-0.025654688,0.0,0.022070872,0.0,0.0,0.0,0.0,0.0,-0.044398837,-0.020012796,0.0,0.0,0.0,0.0,0.0,0.0
GSM4300996,0.024103373,0.021065973,-0.08907825,0.0,0.0,-0.027348645,0.025024792,0.0,0.022070872,0.0,0.0,0.0,0.0,0.0,-0.044398837,-0.04002559,0.0,0.0,0.0,0.0,0.0,0.0
GSM4300997,0.005335672,-0.027516888,-0.023171974,0.0,0.0,-0.05469729,-0.025654688,0.0,0.0,0.0,0.0,0.0,0.0,0.0,-0.044398837,-0.04002559,0.0,0.0,0.0,0.0,0.0,0.0
GSM4300998,0.024103373,-0.027516888,-0.038831417,0.0,0.0,-0.027348645,-0.025654688,0.0,0.04171983,0.0,0.0,-0.015763415,0.0,0.0,-0.044398837,-0.020012796,0.0,0.0,0.0,0.0,0.0,0.0
GSM4300999,0.024103373,-0.033967804,0.0039028786,0.0,0.0,-0.05469729,0.0,0.0,0.04171983,0.0,0.0,-0.015763415,0.0,0.0,-0.044398837,0.0,0.0,0.0,0.0,0.0,0.0,0.0
GSM4301000,0.029439045,-0.033967804,-0.06200339,0.0,0.0,-0.05469729,0.025024792,0.0,0.08343966,0.0,0.0,-0.015763415,0.0,0.0,0.0,-0.020012796,0.0,0.0,0.0,0.0,0.0,0.0
GSM4301001,-0.018767701,-0.033967804,-0.08907825,0.0,0.0,-0.027348645,-0.025654688,0.0,0.08343966,0.0,0.0,-0.03152683,0.0,0.0,0.0,-0.020012796,0.0,0.0,0.0,0.0,0.0,0.0
GSM4301002,-0.018767701,-0.027516888,-0.023171974,0.0,0.0,-0.027348645,0.050049584,0.0,0.0,0.0,0.0,-0.015763415,0.0,0.0,0.0,-0.04002559,0.0,0.0,0.0,0.0,0.0,0.0
GSM4301003,0.0,-0.0064509157,-0.038831417,0.0,0.0,-0.05469729,0.0,0.0,0.022070872,0.0,0.0,-0.03152683,0.0,0.0,0.0,0.0,0.0,0.0,0.0,0.0,0.0,0.0
GSM4301004,0.048206747,-0.033967804,-0.08907825,0.0,0.0,-0.027348645,0.025024792,0.0,0.044141743,0.0,0.0,0.0,0.0,0.0,0.0,0.0,0.0,0.0,0.0,0.0,0.0,0.0
GSM4301005,-0.01343203,0.014615057,-0.023171974,0.0,0.0,-0.027348645,0.0,0.0,0.01964896,0.0,0.0,0.0,0.0,0.0,0.0,-0.04002559,0.0,0.0,0.0,0.0,0.0,0.0
GSM4301006,0.029439045,-0.0064509157,-0.038831417,0.0,0.0,-0.027348645,0.025024792,0.0,0.04171983,0.0,0.0,0.0,0.0,0.0,-0.044398837,0.0,0.0,0.0,0.0,0.0,0.0,0.0
GSM4301007,0.010671344,-0.027516888,-0.019269096,0.0,0.0,-0.027348645,-0.025654688,0.0,0.0637907,0.0,0.0,-0.015763415,0.0,0.0,0.0,-0.020012796,0.0,0.0,0.0,0.0,0.0,0.0
GSM4301008,0.005335672,-0.027516888,-0.023171974,0.0,0.0,-0.027348645,0.0,0.0,0.04171983,0.0,0.0,0.0,0.0,0.0,0.0,0.0,0.0,0.0,0.0,0.0,0.0,0.0
GSM4301009,0.024103373,-0.0064509157,-0.023171974,0.0,0.0,-0.027348645,-0.0006298963,0.0,0.01964896,0.0,0.0,-0.03152683,0.0,0.0,-0.044398837,0.0,0.0,0.0,0.0,0.0,0.0,0.0
GSM4301010,-0.018767701,0.014615057,-0.04634395,0.0,0.0,-0.05469729,-0.025654688,0.0,0.01964896,0.0,0.0,-0.015763415,0.0,0.0,0.0,0.0,0.0,0.0,0.0,0.056650992,0.0,0.0
GSM4301011,0.024103373,0.021065973,-0.04634395,0.0,0.0,-0.05469729,0.0,0.0,0.061368793,0.0,0.0,-0.015763415,0.0,0.0,-0.044398837,-0.020012796,0.0,0.0,0.0,0.028325496,0.0,0.0
GSM4301012,-0.018767701,-0.0064509157,0.0,0.0,0.0,-0.027348645,-0.051309377,0.0,0.0,0.0,0.0,0.0,0.0,0.0,-0.044398837,0.0,0.0,0.0,0.0,0.0,0.0,0.0
GSM4301013,0.005335672,-0.0064509157,0.0039028786,0.0,0.0,-0.05469729,-0.026284585,0.0,0.0,0.0,0.0,0.0,0.0,0.0,0.0,0.0,0.0,0.0,0.0,0.0,0.0,0.0
GSM4301014,-0.018767701,-0.033967804,-0.04634395,0.0,0.0,-0.05469729,0.024394896,0.0,0.044141743,0.0,0.0,-0.015763415,0.0,0.0,0.0,-0.020012796,0.0,0.0,0.0,0.0,0.0,0.0
GSM4301015,-0.018767701,-0.033967804,-0.04634395,0.0,0.0,-0.027348645,-0.026284585,0.0,0.08343966,0.0,0.0,0.0,0.0,0.0,0.0,-0.04002559,0.0,0.0,0.0,0.0,0.0,0.0
GSM4301016,0.0,0.021065973,-0.023171974,0.0,0.0,-0.027348645,-0.025654688,0.0,0.022070872,0.0,0.0,0.0,0.0,0.0,0.0,0.0,0.0,0.0,0.0,0.0,0.0,0.0
GSM4301017,0.048206747,-0.0064509157,0.0,0.0,0.0,-0.027348645,-0.025654688,0.0,0.061368793,0.0,0.0,0.0,0.0,0.0,0.0,-0.04002559,0.0,0.0,0.0,0.0,0.0,0.0
GSM4301018,0.048206747,-0.027516888,-0.06200339,0.0,0.0,-0.05469729,0.0,0.0,0.0637907,0.0,0.0,-0.03152683,0.0,0.0,0.0,-0.020012796,0.0,0.0,0.0,0.0,0.0,0.0
GSM4301019,0.0,0.021065973,0.027074853,0.0,0.0,-0.05469729,-0.026284585,0.0,0.061368793,0.0,0.0,0.0,0.0,0.0,0.0,-0.020012796,0.0,0.0,0.0,0.0,0.0,0.0
AUN3M1,0.024103373,-0.0064509157,-0.023171974,0.0,0.0,-0.027348645,0.024394896,0.0,0.03929792,0.0,0.0,0.0,0.0,0.0,0.0,-0.020012796,0.0,0.0,-0.022896595,0.0,0.0,0.0
AUNC11,0.0,-0.033967804,-0.08907825,0.0,0.0,-0.05469729,0.0,0.0,0.044141743,0.0,0.0,-0.015763415,0.0,0.0,0.0,-0.020012796,0.0,0.0,0.0,0.0,0.0,0.0
AUN9,0.005335672,-0.0064509157,-0.04634395,0.0,0.0,-0.05469729,-0.025654688,0.0,0.08343966,0.0,0.0,-0.015763415,0.0,0.0,-0.044398837,-0.020012796,0.0,0.0,0.0,0.0,0.0,0.0
AUNC13,0.0,0.021065973,-0.019269096,0.0,0.0,-0.027348645,0.0,0.0,0.04171983,0.0,0.0,-0.03152683,0.0,0.0,0.0,-0.020012796,0.0,0.0,0.0,0.0,0.0,0.0
AUN12,0.005335672,0.021065973,-0.023171974,0.0,0.0,-0.027348645,-0.025654688,0.0,0.0,0.0,0.0,-0.015763415,0.0,0.0,-0.044398837,-0.020012796,0.0,0.0,0.0,0.0,0.0,0.0
AUNC14,0.0,0.0,-0.08907825,0.0,0.0,-0.027348645,0.0,0.0,0.04171983,0.0,0.0,0.0,0.0,0.0,0.0,-0.020012796,0.0,0.0,0.0,0.0,0.0,0.0
AUNC15,0.005335672,0.021065973,-0.08907825,0.0,0.0,-0.027348645,-0.025654688,0.0,0.04171983,0.0,0.0,-0.015763415,0.0,0.0,-0.044398837,-0.04002559,0.0,0.0,0.0,0.0,0.0,0.0
AUN16,0.005335672,-0.012901831,-0.023171974,0.0,0.0,-0.027348645,0.0,0.0,0.0637907,0.0,0.0,-0.015763415,0.0,0.0,0.0,0.0,0.0,0.0,0.0,0.0,0.0,0.0
AUNC16,0.005335672,-0.0064509157,-0.06590627,0.0,0.0,-0.05469729,0.0,0.0,0.0,0.0,0.0,0.0,0.0,0.0,0.0,-0.020012796,0.0,0.0,0.0,0.0,0.0,0.0
AUNC17,0.048206747,-0.012901831,-0.06590627,0.0,0.0,-0.05469729,0.0,0.0,0.04171983,0.0,0.0,-0.015763415,0.0,0.0,-0.044398837,-0.020012796,0.0,0.0,0.0,0.0,0.0,0.0
AUN20,0.005335672,-0.027516888,-0.06200339,0.0,0.0,-0.05469729,0.0,0.0,0.04171983,0.0,0.0,-0.03152683,0.0,0.0,-0.044398837,0.0,0.0,0.0,0.0,0.0,0.0,0.0
AUNC18,0.048206747,-0.027516888,-0.06200339,0.0,0.0,-0.05469729,0.0,0.0,0.0637907,0.0,0.0,-0.03152683,0.0,0.0,0.0,-0.020012796,0.0,0.0,0.0,0.0,0.0,0.0
AUNC19,0.005335672,-0.055033777,-0.08907825,0.0,0.0,-0.05469729,0.025024792,0.0,0.022070872,0.0,0.0,-0.015763415,0.0,0.0,0.0,-0.04002559,0.0,0.0,0.0,0.0,0.0,0.0
AUN27,-0.01343203,-0.027516888,0.0039028786,0.0,0.0,-0.027348645,-0.025654688,0.0,0.044141743,0.0,0.0,0.0,0.0,0.0,0.0,-0.020012796,0.0,0.0,0.0,0.0,0.0,0.0
AUNC20,0.048206747,-0.033967804,-0.023171974,0.0,0.0,0.0,-0.025654688,0.0,0.044141743,0.0,0.0,-0.03152683,0.0,0.0,0.0,-0.020012796,0.0,0.0,0.0,0.0,0.0,0.0
AUN31,0.0,0.021065973,-0.023171974,0.0,0.0,-0.027348645,0.025024792,0.0,0.04171983,0.0,0.0,-0.015763415,0.0,0.0,-0.044398837,-0.020012796,0.0,0.0,0.0,0.0,0.0,0.0
AUNC21,0.0,0.014615057,-0.08907825,0.0,0.0,0.0,-0.025654688,0.0,0.03929792,0.0,0.0,-0.015763415,0.0,0.0,-0.044398837,-0.04002559,0.0,0.0,0.0,0.0,0.0,0.0
AUN33,0.005335672,0.014615057,-0.08907825,0.0,0.0,-0.027348645,-0.025654688,0.0,0.0637907,0.0,0.0,-0.03152683,0.0,0.0,0.0,-0.04002559,0.0,0.0,0.0,0.0,0.0,0.0
AUNC22,-0.018767701,-0.0064509157,0.0,0.0,0.0,-0.027348645,-0.025654688,0.0,0.01964896,0.0,0.0,-0.015763415,0.0,0.0,0.0,-0.04002559,0.0,0.0,0.0,0.0,0.0,0.0
AUN40,-0.018767701,-0.027516888,-0.019269096,0.0,0.0,-0.027348645,-0.025654688,0.0,0.022070872,0.0,0.0,0.0,0.0,0.0,0.0,0.0,0.0,0.0,0.0,0.0,0.0,0.0
AUN43,0.048206747,-0.055033777,0.0,0.0,0.0,-0.05469729,-0.025654688,0.0,0.044141743,0.0,0.0,-0.015763415,0.0,0.0,-0.044398837,-0.020012796,0.0,0.0,0.0,0.0,0.0,0.0
AUNC26,0.0,0.0,-0.04634395,0.0,0.0,-0.05469729,0.0,0.0,0.04171983,0.0,0.0,-0.03152683,0.0,0.0,0.0,-0.04002559,0.0,0.0,0.0,0.0,0.0,0.0
AUNC27,0.005335672,-0.027516888,-0.08907825,0.0,0.0,-0.027348645,0.0,0.0,0.044141743,0.0,0.0,-0.015763415,0.0,0.0,-0.044398837,0.0,0.0,0.0,0.0,0.0,0.0,0.0
AUN50,0.005335672,-0.0064509157,-0.019269096,0.0,0.0,-0.027348645,-0.0006298963,0.0,0.04171983,0.0,0.0,-0.015763415,0.0,0.0,-0.044398837,-0.020012796,0.0,0.0,0.0,0.0,0.0,0.0
AUN57,-0.037535403,0.021065973,-0.04634395,0.0,0.0,-0.05469729,0.0,0.0,0.0637907,0.0,0.0,0.0,0.0,0.0,0.0,-0.020012796,0.0,0.0,0.0,0.0,0.0,0.0
AUNC32,0.005335672,0.0,0.0,0.0,0.0,-0.05469729,0.025024792,0.0,0.044141743,0.0,0.0,-0.015763415,0.0,0.0,0.0,0.0,0.0,0.0,0.0,0.0,0.0,0.0
AUN68,0.024103373,-0.055033777,-0.04634395,0.0,0.0,-0.027348645,0.025024792,0.0,0.03929792,0.0,0.0,-0.015763415,0.0,0.0,-0.044398837,-0.020012796,0.0,0.0,0.0,0.0,0.0,0.0
AUN69,0.029439045,-0.0064509157,-0.04634395,0.0,0.0,-0.027348645,0.025024792,0.0,0.08343966,0.0,0.0,-0.03152683,0.0,0.0,-0.044398837,0.0,0.0,0.0,0.0,0.0,0.0,0.0
AUNC33,0.010671344,0.0,-0.04634395,0.0,0.0,0.0,0.025024792,0.0,0.061368793,0.0,0.0,-0.03152683,0.0,0.0,-0.044398837,0.0,0.0,0.0,0.0,0.0,0.0,0.0
AUN70,0.005335672,-0.033967804,-0.038831417,0.0,0.0,-0.027348645,0.025024792,0.0,0.04171983,0.0,0.0,-0.015763415,0.0,0.0,-0.044398837,0.0,0.0,0.0,0.0,0.0,0.0,0.0
AUN72,-0.037535403,-0.027516888,-0.023171974,0.0,0.0,-0.027348645,-0.026284585,0.0,0.04171983,0.0,0.0,-0.015763415,0.0,0.0,0.0,-0.020012796,0.0,0.0,0.0,0.0,0.0,0.0
AUN73,0.005335672,0.021065973,-0.04634395,0.0,0.0,-0.05469729,0.025024792,0.0,0.061368793,0.0,0.0,-0.03152683,0.0,0.0,0.0,-0.04002559,0.0,0.0,0.0,0.0,0.0,0.0
AUNC34,-0.037535403,0.021065973,-0.06590627,0.0,0.0,-0.027348645,0.0,0.0,0.0637907,0.0,0.0,-0.015763415,0.0,0.0,-0.044398837,-0.04002559,0.0,0.0,0.0,0.0,0.0,0.0
AUN77,-0.018767701,0.042131945,-0.023171974,0.0,0.0,-0.05469729,0.0,0.0,0.04171983,0.0,0.0,-0.015763415,0.0,0.0,-0.044398837,-0.04002559,0.0,0.0,0.0,0.0,0.0,0.0
AUN81,-0.018767701,-0.055033777,-0.04634395,0.0,0.0,0.0,0.0,0.0,0.0637907,0.0,0.0,-0.03152683,0.0,0.0,-0.044398837,0.0,0.0,0.0,0.0,0.0,0.0,0.0
AUN85,-0.01343203,0.021065973,0.0,0.0,0.0,-0.05469729,0.025024792,0.0,0.0637907,0.0,0.0,-0.03152683,0.0,0.0,-0.044398837,-0.020012796,0.0,0.0,0.0,0.0,0.0,0.0
AUN87,0.005335672,0.0,-0.04634395,0.0,0.0,-0.027348645,-0.025654688,0.0,0.04171983,0.0,0.0,0.0,0.0,0.0,0.0,-0.04002559,0.0,0.0,0.0,0.0,0.0,0.0
AUN88,0.005335672,0.0,-0.019269096,0.0,0.0,-0.027348645,-0.0006298963,0.0,0.061368793,0.0,0.0,0.0,0.0,0.0,0.0,-0.020012796,0.0,0.0,0.0,0.0,0.0,0.0
AUNC66F1,-0.018767701,0.042131945,-0.023171974,0.0,0.0,-0.05469729,0.0,0.0,0.04171983,0.0,0.0,-0.015763415,0.0,0.0,-0.044398837,-0.04002559,0.0,0.0,0.0,0.0,0.0,0.0
AUNC121F1,-0.037535403,0.021065973,-0.023171974,0.0,0.0,-0.05469729,0.025024792,0.0,0.061368793,0.0,0.0,-0.015763415,0.0,0.0,-0.044398837,-0.04002559,0.0,0.0,0.0,0.0,0.0,0.0
AUN121,-0.01343203,0.021065973,-0.08907825,0.0,0.0,-0.027348645,-0.025654688,0.0,0.01964896,0.0,0.0,-0.015763415,0.0,0.0,0.0,-0.04002559,0.0,0.0,0.0,0.0,0.0,0.0
AUN121M1,-0.037535403,0.0,-0.023171974,0.0,0.0,-0.027348645,0.025024792,0.0,0.01964896,0.0,0.0,-0.015763415,0.0,0.0,-0.044398837,-0.020012796,0.0,0.0,0.0,0.0,0.0,0.0
PDY6,-0.037535403,0.0,-0.023171974,0.0,0.0,-0.027348645,0.025024792,0.0,0.01964896,0.0,0.0,-0.015763415,0.0,0.0,-0.044398837,-0.020012796,0.0,0.0,0.0,0.0,0.0,0.0
CDY2,0.024103373,-0.027516888,-0.04634395,0.0,0.0,-0.05469729,0.025024792,0.0,0.022070872,0.0,0.0,0.0,0.0,0.0,0.0,-0.020012796,0.0,0.0,0.0,0.0,0.0,0.0
PDY8,0.31793427,-0.5334903,0.09995261,-0.31024092,-0.07667265,-0.10135465,0.042267617,0.17704974,0.11233224,0.11202565,-0.15785515,-0.03729912,0.18886068,0.1694296,0.09925561,0.08896864,0.18920575,0.25702786,0.02065067,0.0056738686,-0.018620107,-0.042826574
PDY9,0.45737603,-0.54590076,0.012529759,-0.16440623,0.08241945,0.039905258,-0.06597882,0.25611404,0.0039734244,-0.05860781,-0.09899586,-0.058733277,0.054534443,0.19207348,0.01193255,0.05076315,0.06784341,0.11583334,0.116050825,-0.034453314,-0.25309047,-0.015135756
PDY10,0.03492285,-0.407791,0.10424039,-0.33381107,0.13091525,-0.05921085,-0.21800573,0.17729306,-0.024234444,-0.0835241,-0.095826305,0.049907207,0.195167,0.038721748,-0.0039674956,0.042745553,0.012714172,0.11564844,0.016295314,0.020659966,-0.028061701,-0.053230062
PDY12,0.31246576,-0.5334981,0.047847755,-0.115914226,-0.052079976,-0.018210208,-0.11421821,0.07647013,-0.0387686,-0.027618142,-0.14555423,0.014353216,0.3154766,0.2619308,-0.028456539,0.079104066,0.1747658,0.04474294,0.031047821,-0.032130696,-0.1520929,0.047165483
PDY15,0.3907438,-0.47078806,0.13248344,-0.03322997,0.24833575,-0.14609233,-0.08923564,0.296351,-0.011656649,-0.05509576,-0.12879765,-0.0040085167,0.08556679,0.02873272,-0.014641777,0.0881622,0.06502588,0.058560044,-0.09557629,0.041387092,-0.262724,0.043884173
CDY11,0.3624742,-0.37381968,0.21389747,-0.2227022,-0.059033923,-0.045326736,0.0053611454,0.3972424,-0.15294841,-0.08694313,0.13104801,-0.033158794,0.16308483,0.15493506,0.034498304,-0.0015614666,0.20407733,0.15496856,-0.0475913,-0.064210944,-0.30391043,-0.043496944
PDY22,0.19514409,-0.266496,0.31079578,-0.15015045,-0.10288267,-0.12045001,0.11845879,0.16889979,0.017271645,0.03865436,0.011160098,-0.036605313,0.19929227,0.14025947,-0.038236037,0.009638548,-0.08683583,0.20305471,-0.061436936,-0.030599367,-0.09081779,-0.053998537
CDY13,0.5024196,-0.5263734,0.19827324,-0.3088749,0.2576186,-0.13721484,-0.052410472,0.34858355,0.056257457,-0.15401676,0.0010514259,-0.024335101,-0.009957042,0.053952422,0.012607219,0.121091224,0.139238,0.23668243,-0.078152716,0.018727124,-0.20350243,-0.07191552
PDY28,0.20684536,-0.3048552,0.09760438,0.0058923196,0.19944835,-0.22902939,-0.19865152,0.34457013,-0.07023814,0.06838566,-0.09778336,0.10940295,0.2274572,0.056568816,0.07680376,0.031741682,0.13619488,0.013182893,0.13414301,-0.05191365,-0.20794348,0.066056885
PDY31,0.4050582,-0.46495655,0.10691103,-0.20698473,0.024025608,-0.23854175,-0.0390362,0.35554057,0.08866055,0.06922871,-0.06344751,0.07493168,-0.04001438,-0.04487847,0.109189965,0.09117759,-0.045306563,0.111324675,-0.06698193,0.007813085,-0.028287321,-0.006371431
CDY16,0.1878391,-0.19183266,0.044581197,-0.29786116,0.032213308,-0.06412214,0.046905354,0.33367857,0.020357132,-0.0989465,-0.07799884,-0.0038167238,0.14192301,0.22201845,0.12891048,0.0475834,0.07435873,0.09386968,0.04606715,-0.0021194275,-0.10215922,0.09686686
PDY34,0.2896447,-0.3256202,0.0706521,0.04695643,-0.045035332,-0.03214494,-0.04067,0.16399743,-0.038223088,0.0115294345,0.0008309297,-0.06861854,0.1304118,0.13748364,0.059878126,0.13610956,-0.030305345,0.10172126,0.020110777,-0.018205559,-0.24150798,0.04285238
PDY36,0.37647408,-0.27393484,0.088738255,-0.16659263,-0.011774274,-0.24015778,0.0022816267,0.21976925,-0.008838275,-0.1107184,-0.00519312,0.031239115,0.021943279,-0.13104148,0.017923504,0.14076844,0.09617754,0.038763553,0.052446365,-0.030186461,-0.12790385,0.022252712
PDY40,0.16642196,-0.52409786,0.27895898,-0.19692439,-0.19623283,-0.07439126,-0.21096349,0.11953559,0.017076,-0.022659592,-0.102410756,0.03304099,0.1828972,0.100451104,0.00421606,0.03462129,0.16101128,0.119855374,-0.054786704,0.01137124,-0.022606378,0.01603496
CDY20,0.06443638,-0.2692965,0.16200557,-0.07685247,0.02243448,0.08067202,-0.112143755,0.46392065,0.045256905,-0.046838798,-0.17163354,-0.02002395,0.013259307,0.2273783,0.04473634,0.07327661,0.0318489,0.0903008,0.045928307,-0.010240205,-0.2514586,0.002622677
PDY41,0.28765428,-0.50746053,0.24083449,-0.27368337,0.3103498,-0.014335645,0.021669041,0.24983686,0.011950197,0.06651458,-0.066663824,0.05041551,0.22353761,0.09827894,0.09391148,0.062402274,-0.10549629,0.04942359,0.1170528,-0.03752009,-0.13524929,-0.053230062
PDY43,0.1767863,-0.6853137,-0.040799923,-0.24471071,0.10763162,-0.054847315,-0.0384157,0.1896883,0.030520596,-0.14944859,0.036584236,-0.031898245,0.08565977,-0.041231222,0.078817494,0.13140419,0.024977233,0.058454476,0.09490637,0.040379036,-0.07944845,0.06945421
PDY44,0.27278885,-0.40161735,0.21293065,-0.12962434,-0.046049297,-0.0043947194,-0.01530212,0.3415777,-0.017907284,-0.103458546,-0.085498005,0.04942184,0.19051906,0.17849636,-0.052032866,-0.016254727,0.10081578,0.30547422,0.030826386,-0.022378793,-0.09664489,0.013851665
PDY47,0.4159815,-0.225495,0.10921414,-0.19837813,-0.18528351,-0.0014465675,-0.0509276,0.1760912,0.17079799,0.02152133,-0.0628726,0.009902924,-0.030649848,0.18942147,-0.03306908,-0.0066448897,0.12331278,0.18979973,0.07472197,-0.021893572,-0.15727279,-0.040903702
PDY48,0.28531605,-0.3445706,0.16071275,-0.19779827,-0.21394311,-0.107118696,-0.07779424,0.28016543,0.036234397,-0.038620036,-0.14934915,0.06513448,0.19497749,0.07079693,0.104881816,0.072267674,0.15120031,0.018866166,0.04524154,0.08282915,-0.024933444,-0.011908665
PDY50,0.33532467,-0.4065647,0.102046326,0.09653636,-0.143093,-0.007355705,0.01778167,0.35282984,-0.039783135,-0.010548105,-0.1476869,-0.1085528,0.12019835,0.10466494,-0.044184707,0.09382817,-0.051737428,0.06323746,0.085324414,0.013353966,-0.12836751,0.0018358398
DCY200,0.49860454,-0.27151877,0.06137833,-0.21934757,0.2127295,-0.042346537,-0.018977838,0.18031107,-0.045481194,-0.052096,-0.14136204,-0.057746857,-0.11963286,0.06673168,0.004861502,-0.012262212,0.1486042,0.06301832,0.025040269,-0.0596079,-0.27392858,0.02081779
DCY212,0.22076051,-0.35166264,0.028477294,-0.34100464,0.009256566,-0.049076904,0.049644776,0.15522802,-0.012998007,-0.06903535,0.08335467,-0.063171,0.14350137,0.06472081,0.052957,-0.030980881,0.013014697,0.031161223,0.15452023,-0.075275615,0.04362732,-0.019348389
DCY213,0.2701439,-0.20045389,-0.101656325,0.12421934,-0.040527858,-0.18181174,-0.028675744,0.22647484,0.063931495,-0.031170491,-0.091642775,0.081132755,0.037339166,0.045307897,0.10012514,0.043672346,0.13347939,0.06400283,0.056751423,-0.08177313,-0.23087215,-0.046063647
DCY215,0.24656999,-0.43981463,0.16080815,-0.28416157,0.17286463,-0.15651871,-0.18612576,0.271975,-0.029399596,-0.08865013,0.010295346,0.03299982,-0.064350255,-0.082426906,0.16994676,0.048342418,-0.055134688,0.18637405,0.09248267,-0.093450196,-0.010528587,-0.087934315
CDY30,0.42021403,-0.49322802,0.09967136,-0.06766404,0.012107942,-0.1596621,-0.16854802,0.34414625,0.044369023,0.19692962,-0.0677629,-0.012524232,0.043667786,0.05132814,-0.027078375,-0.036438115,0.03863103,-0.05049215,0.034495533,-0.056276433,-0.25208467,0.044951543
DCY221,0.065169096,-0.2800026,0.13793005,-0.082018346,0.12252049,-0.041212276,-0.042966753,0.3553862,-0.011312868,0.12495856,-0.049859226,0.092652984,0.003056679,0.08059081,-0.14254877,0.03345331,0.24061787,0.039626956,0.0008986667,-0.044629045,-0.1674995,0.009144768
DCY222,0.17942896,-0.22665882,0.17933878,-0.22902027,0.033460796,-0.046859577,0.08171231,0.37233064,0.08211432,0.042928644,-0.31382206,0.010994777,-0.07534957,0.060182735,-0.019158257,0.001842944,0.24372251,0.19240141,0.027671635,0.019554183,-0.040439934,0.0009712726
HBEM1,0.3296215,-0.2459058,0.10921972,-0.28170806,0.1356721,-0.16893446,-0.14680004,0.43678743,0.088091314,0.069991596,-0.20957232,0.027166203,0.1670247,0.045333363,-0.0886349,0.12727511,0.054656968,0.0904527,-0.03733406,0.01046085,-0.1441538,0.0034657512
